regionId	label	referenceDate	lastUpdatedDate	totalDeaths	totalConfirmedCases	totalRecoveredCases	totalTestedCases	numPositiveTests	numDeaths	numRecoveredCases	diffNumPositiveTests	diffNumDeaths	avgWeeklyDeaths	avgWeeklyConfirmedCases	avgWeeklyRecoveredCases	dataSource
Abruzzo	Abruzzo	2020-03-18		7	263	7	2054	34	1	0	-19	-1	0.86	32.14	1.0	http://www.salute.gov.it/
Ada_County,_Idaho	Ada County, Idaho	2020-03-18	2020-03-18T00:00:00.000Z		3											https://coronavirus.idaho.gov/
Adams_County,_Colorado	Adams County, Colorado	2020-03-18	2020-03-18T00:00:00.000Z		10											https://covid19.colorado.gov/
Adams_County,_Idaho	Adams County, Idaho	2020-03-18	2020-03-18T00:00:00.000Z		0											https://coronavirus.idaho.gov/
Adams_County,_Ohio	Adams County, Ohio	2020-03-18	2020-03-18T00:00:00.000Z		0											https://coronavirus.ohio.gov/
Afghanistan	Afghanistan	2020-03-18	2020-05-16T11:41:18.000Z	0	22			0	0	0	-1	0	0.0	2.14		https://www.ecdc.europa.eu/
Alabama	Alabama	2020-03-18		0	51			12	0		2	0				https://covid19.alabama.gov/
Alameda_County,_California	Alameda County, California	2020-03-18	2020-03-18T00:00:00.000Z	0	42											http://www.acphd.org/
Alaska	Alaska	2020-03-18		1	8			5	0		5	0				http://www.dhss.alaska.gov/
Albania	Albania	2020-03-18		2	59			4	0	0	0	0	0.29	7.0		https://www.who.int/
Algeria	Algeria	2020-03-18		6	72			12	1	1	1	1	0.86	7.43		https://www.who.int/
Allegheny_County,_Pennsylvania	Allegheny County, Pennsylvania	2020-03-18	2020-03-18T16:45:00.000Z		11											https://www.health.pa.gov/
Allen_County,_Kansas	Allen County, Kansas	2020-03-18	2020-03-18T00:00:00.000Z		0											https://govstatus.egov.com/
Allen_County,_Ohio	Allen County, Ohio	2020-03-18	2020-03-18T00:00:00.000Z		0											https://coronavirus.ohio.gov/
Alpine_County,_California	Alpine County, California	2020-03-18	2020-03-18T00:00:00.000Z	0	0											https://www.alpinecountyca.gov/
Amador_County,_California	Amador County, California	2020-03-18	2020-03-18T00:00:00.000Z	0	0											https://www.amadorgov.org/
Andalusia	Andalusia	2020-03-18	2020-05-15T10:56:53.000Z	23	1008	33		149	4	-5	-27	-4	3.29	127.57	3.14	https://www.mscbs.gob.es/
Anderson_County,_Kansas	Anderson County, Kansas	2020-03-18	2020-03-18T00:00:00.000Z		0											https://govstatus.egov.com/
Andorra	Andorra	2020-03-18		0	39			23	0	0	21	0	0.0	5.43		https://www.who.int/
Antigua_and_Barbuda	Antigua and Barbuda	2020-03-18		0	1			0	0		0	0				https://www.who.int/
Antwerp_Province	Antwerp Province	2020-03-18	2020-03-18		375			55			1			40.0		https://epistat.wiv-isp.be/Covid/
Aosta_Valley	Aosta Valley	2020-03-18		3	165	0	486	29	1	0	-2	1	0.29	20.71	0.0	http://www.salute.gov.it/
Apulia	Apulia	2020-03-18		19	383	2	3433	43	1	0	-67	-1	2.0	43.71	0.14	http://www.salute.gov.it/
Aragon	Aragon	2020-03-18	2020-05-15T10:56:53.000Z	15	281	0		55	2	0	36	1	1.29	33.71	0.0	https://www.mscbs.gob.es/
Arapahoe_County,_Colorado	Arapahoe County, Colorado	2020-03-18	2020-03-18T00:00:00.000Z		22											https://covid19.colorado.gov/
Argentina	Argentina	2020-03-18		2	97			0	0	0	-32	0	0.14	11.14		https://www.who.int/
Arizona	Arizona	2020-03-18		0	28			8	0		6	0				https://azdhs.gov/
Arkansas	Arkansas	2020-03-18		0	33			11	0		11	0				https://www.healthy.arkansas.gov/
Armenia	Armenia	2020-03-18		0	84			32	0	0	32	0	0.0	11.86		https://www.who.int/
Aruba	Aruba	2020-03-18		0	5			1	0		-1	0				https://www.who.int/
Ashland_County,_Ohio	Ashland County, Ohio	2020-03-18	2020-03-18T00:00:00.000Z		1											https://coronavirus.ohio.gov/
Ashtabula_County,_Ohio	Ashtabula County, Ohio	2020-03-18	2020-03-18T00:00:00.000Z		0											https://coronavirus.ohio.gov/
Asturias	Asturias	2020-03-18	2020-05-15T10:56:53.000Z	1	336	4		56	0	0	12	0	0.0	41.57	0.43	https://www.mscbs.gob.es/
Atchison_County,_Kansas	Atchison County, Kansas	2020-03-18	2020-03-18T00:00:00.000Z		0											https://govstatus.egov.com/
Athens_County,_Ohio	Athens County, Ohio	2020-03-18	2020-03-18T00:00:00.000Z		0											https://coronavirus.ohio.gov/
Auglaize_County,_Ohio	Auglaize County, Ohio	2020-03-18	2020-03-18T00:00:00.000Z		0											https://coronavirus.ohio.gov/
Australia	Australia	2020-03-18		6	510			96	0	0	18	0	0.43	55.43		https://www.who.int/
Austria	Austria	2020-03-18		4	1646			314	0	0	-59	-2	0.57	209.14		https://www.who.int/
Autonomous_Province_of_Kosovo_and_Metohija	Autonomous Province of Kosovo and Metohija	2020-03-18	2020-05-16T11:41:18.000Z	0	19			17	0	0	17	0				https://www.ecdc.europa.eu/
Auvergne-Rh%C3%B4ne-Alpes	Auvergne-Rhône-Alpes	2020-03-18		7		69										https://www.santepubliquefrance.fr/
Azerbaijan	Azerbaijan	2020-03-18		1	34			13	0	0	13	0	0.14	3.29		https://www.who.int/
Bahrain	Bahrain	2020-03-18		1	256			19	0	0	3	-1	0.14	9.57		https://www.who.int/
Balearic_Islands	Balearic Islands	2020-03-18	2020-05-15T10:56:53.000Z	2	169	6		57	1	2	37	1	0.14	21.0	0.71	https://www.mscbs.gob.es/
Bangladesh	Bangladesh	2020-03-18		0	10			2	0	0	2	0	0.0	1.0		https://www.who.int/
Bannock_County,_Idaho	Bannock County, Idaho	2020-03-18	2020-03-18T00:00:00.000Z		0											https://coronavirus.idaho.gov/
Barbados	Barbados	2020-03-18		0	2			0	0	0	0	0				https://www.who.int/
Barber_County,_Kansas	Barber County, Kansas	2020-03-18	2020-03-18T00:00:00.000Z		0											https://govstatus.egov.com/
Barnstable_County,_Massachusetts	Barnstable County, Massachusetts	2020-03-18	2020-03-18T00:00:00.000Z		2											https://www.mass.gov/
Barton_County,_Kansas	Barton County, Kansas	2020-03-18	2020-03-18T00:00:00.000Z		0											https://govstatus.egov.com/
Basilicata	Basilicata	2020-03-18		0	27	0	262	7	0	0	-1	0	0.0	2.71	0.0	http://www.salute.gov.it/
Basque_Country_(autonomous_community)	Basque Country (autonomous community)	2020-03-18	2020-05-15T10:56:53.000Z	53	1190	18		217	13	4	9	9	6.0	120.57	2.43	https://www.mscbs.gob.es/
Bath_and_North_East_Somerset	Bath and North East Somerset	2020-03-18	2020-05-14T13:44:03.000Z		10			5			4					https://www.gov.uk/
Bear_Lake_County,_Idaho	Bear Lake County, Idaho	2020-03-18	2020-03-18T00:00:00.000Z		0											https://coronavirus.idaho.gov/
Beaver_County,_Pennsylvania	Beaver County, Pennsylvania	2020-03-18	2020-03-18T16:45:00.000Z		2											https://www.health.pa.gov/
Belarus	Belarus	2020-03-18		0	46			10	0	0	10	0	0.0	4.86		https://www.who.int/
Belgium	Belgium	2020-03-18		14	1486			0	0	0	-401	-1	2.0	174.14		https://www.who.int/
Belknap_County,_New_Hampshire	Belknap County, New Hampshire	2020-03-18	2020-03-18T00:00:00.000Z		2											https://www.nh.gov/
Belmont_County,_Ohio	Belmont County, Ohio	2020-03-18	2020-03-18T00:00:00.000Z		2											https://coronavirus.ohio.gov/
Benewah_County,_Idaho	Benewah County, Idaho	2020-03-18	2020-03-18T00:00:00.000Z		0											https://coronavirus.idaho.gov/
Benin	Benin	2020-03-18	2020-05-16T11:41:18.000Z	0	1			0	0	0	0	0				https://www.ecdc.europa.eu/
Berks_County,_Pennsylvania	Berks County, Pennsylvania	2020-03-18	2020-03-18T16:45:00.000Z		1											https://www.health.pa.gov/
Berkshire_County,_Massachusetts	Berkshire County, Massachusetts	2020-03-18	2020-03-18T00:00:00.000Z		17											https://www.mass.gov/
Bermuda	Bermuda	2020-03-18		0	2			0	0		0	0				https://www.who.int/
Bhutan	Bhutan	2020-03-18	2020-05-16T11:41:18.000Z	0	1			0	0	0	0	0	0.0	0.0		https://www.ecdc.europa.eu/
Bingham_County,_Idaho	Bingham County, Idaho	2020-03-18	2020-03-18T00:00:00.000Z		0											https://coronavirus.idaho.gov/
Birmingham	Birmingham	2020-03-18	2020-05-14T13:44:03.000Z		126			32			8			15.86		https://www.gov.uk/
Blaine_County,_Idaho	Blaine County, Idaho	2020-03-18	2020-03-18T00:00:00.000Z		5											https://coronavirus.idaho.gov/
Boise_County,_Idaho	Boise County, Idaho	2020-03-18	2020-03-18T00:00:00.000Z		0											https://coronavirus.idaho.gov/
Bolivia	Bolivia	2020-03-18		0	15			3	0	0	2	0	0.0	1.86		https://www.who.int/
Bonner_County,_Idaho	Bonner County, Idaho	2020-03-18	2020-03-18T00:00:00.000Z		0											https://coronavirus.idaho.gov/
Bonneville_County,_Idaho	Bonneville County, Idaho	2020-03-18	2020-03-18T00:00:00.000Z		0											https://coronavirus.idaho.gov/
Borough_of_Bedford	Borough of Bedford	2020-03-18	2020-05-14T13:44:03.000Z		5			2			0					https://www.gov.uk/
Borough_of_Hartlepool	Borough of Hartlepool	2020-03-18	2020-05-14T13:44:03.000Z		2			1			1					https://www.gov.uk/
Borough_of_Milton_Keynes	Borough of Milton Keynes	2020-03-18	2020-05-14T13:44:03.000Z		21			12			9			0.83		https://www.gov.uk/
Borough_of_Swindon	Borough of Swindon	2020-03-18	2020-05-14T13:44:03.000Z		8			2			1					https://www.gov.uk/
Borough_of_Wokingham	Borough of Wokingham	2020-03-18	2020-05-14T13:44:03.000Z		17			4			3			1.0		https://www.gov.uk/
Bosnia_and_Herzegovina	Bosnia and Herzegovina	2020-03-18		0	36			15	0	0	13	0	0.0	4.57		https://www.who.int/
Boulder_County,_Colorado	Boulder County, Colorado	2020-03-18	2020-03-18T00:00:00.000Z		7											https://covid19.colorado.gov/
Boundary_County,_Idaho	Boundary County, Idaho	2020-03-18	2020-03-18T00:00:00.000Z		0											https://coronavirus.idaho.gov/
Bourbon_County,_Kansas	Bourbon County, Kansas	2020-03-18	2020-03-18T00:00:00.000Z		0											https://govstatus.egov.com/
Bourgogne-Franche-Comt%C3%A9	Bourgogne-Franche-Comté	2020-03-18		6		20										https://www.santepubliquefrance.fr/
Bournemouth,_Christchurch_and_Poole	Bournemouth, Christchurch and Poole	2020-03-18	2020-05-14T13:44:03.000Z		11			1			0					https://www.gov.uk/
Brazil	Brazil	2020-03-18		4	428			137	1	1	80	1	0.57	53.71		https://www.who.int/
Brighton_and_Hove	Brighton and Hove	2020-03-18	2020-05-14T13:44:03.000Z		19			4			2			0.37		https://www.gov.uk/
Bristol	Bristol	2020-03-18	2020-05-14T13:44:03.000Z		22			7			3			1.73		https://www.gov.uk/
Bristol_County,_Massachusetts	Bristol County, Massachusetts	2020-03-18	2020-03-18T00:00:00.000Z		5											https://www.mass.gov/
Brittany_(administrative_region)	Brittany (administrative region)	2020-03-18		7		69										https://www.santepubliquefrance.fr/
Brown_County,_Kansas	Brown County, Kansas	2020-03-18	2020-03-18T00:00:00.000Z		0											https://govstatus.egov.com/
Brown_County,_Ohio	Brown County, Ohio	2020-03-18	2020-03-18T00:00:00.000Z		0											https://coronavirus.ohio.gov/
Brunei	Brunei	2020-03-18	2020-05-16T11:41:18.000Z	0	56			2	0	0	-2	0	0.0	6.29		https://www.ecdc.europa.eu/
Brussels	Brussels	2020-03-18	2020-03-18		358			58			34			39.43		https://epistat.wiv-isp.be/Covid/
Buckinghamshire	Buckinghamshire	2020-03-18	2020-05-14T13:44:03.000Z		60			6			0			6.0		https://www.gov.uk/
Bucks_County,_Pennsylvania	Bucks County, Pennsylvania	2020-03-18	2020-03-18T16:45:00.000Z		9											https://www.health.pa.gov/
Bulgaria	Bulgaria	2020-03-18		2	92			11	0	0	-3	0	0.29	12.14		https://www.who.int/
Burkina_Faso	Burkina Faso	2020-03-18		1	26			6	0	0	1	0	0.14	3.43		https://www.who.int/
Burleigh_County,_North_Dakota	Burleigh County, North Dakota	2020-03-18	2020-03-18T00:00:00.000Z		2											https://www.health.nd.gov/
Butler_County,_Kansas	Butler County, Kansas	2020-03-18	2020-03-18T00:00:00.000Z		1											https://govstatus.egov.com/
Butler_County,_Ohio	Butler County, Ohio	2020-03-18	2020-03-18T00:00:00.000Z		8											https://coronavirus.ohio.gov/
Butte_County,_California	Butte County, California	2020-03-18	2020-03-18T00:00:00.000Z	0	0											http://www.buttecounty.net/
Butte_County,_Idaho	Butte County, Idaho	2020-03-18	2020-03-18T00:00:00.000Z		0											https://coronavirus.idaho.gov/
Calabria	Calabria	2020-03-18		1	129	2	1668	15	0	1	-10	0	0.14	15.71	0.0	http://www.salute.gov.it/
Calaveras_County,_California	Calaveras County, California	2020-03-18	2020-03-18T00:00:00.000Z	0	2											https://covid19.calaverasgov.us/
California	California	2020-03-18		16	675			77	3		-49	1				https://www.cdph.ca.gov/
Camas_County,_Idaho	Camas County, Idaho	2020-03-18	2020-03-18T00:00:00.000Z		0											https://coronavirus.idaho.gov/
Cambodia	Cambodia	2020-03-18		0	35			11	0	0	-1	0	0.0	4.57		https://www.who.int/
Cambs,_Germany	Cambs, Germany	2020-03-18	2020-05-14T13:44:03.000Z		27			8			7			2.75		https://www.gov.uk/
Cameroon	Cameroon	2020-03-18	2020-05-16T11:41:18.000Z	0	10			5	0	0	5	0	0.0	1.14		https://www.ecdc.europa.eu/
Campania	Campania	2020-03-18		9	460	28	2685	0	0	0	-60	0	1.14	43.71	3.43	http://www.salute.gov.it/
Canada	Canada	2020-03-18		9	736			167	4	4	22	1	1.14	91.86		https://www.who.int/
Canary_Islands	Canary Islands	2020-03-18	2020-05-15T10:56:53.000Z	3	220	9		39	0	1	6	-1	0.43	24.14	0.57	https://www.mscbs.gob.es/
Cantabria	Cantabria	2020-03-18	2020-05-15T10:56:53.000Z	1	83	10		15	0	0	5	-1	0.14	9.57	0.57	https://www.mscbs.gob.es/
Canyon_County,_Idaho	Canyon County, Idaho	2020-03-18	2020-03-18T00:00:00.000Z		0											https://coronavirus.idaho.gov/
Caribou_County,_Idaho	Caribou County, Idaho	2020-03-18	2020-03-18T00:00:00.000Z		0											https://coronavirus.idaho.gov/
Carroll_County,_New_Hampshire	Carroll County, New Hampshire	2020-03-18	2020-03-18T00:00:00.000Z		4											https://www.nh.gov/
Carroll_County,_Ohio	Carroll County, Ohio	2020-03-18	2020-03-18T00:00:00.000Z		0											https://coronavirus.ohio.gov/
Cass_County,_North_Dakota	Cass County, North Dakota	2020-03-18	2020-03-18T00:00:00.000Z		1											https://www.health.nd.gov/
Cassia_County,_Idaho	Cassia County, Idaho	2020-03-18	2020-03-18T00:00:00.000Z		0											https://coronavirus.idaho.gov/
Castile_and_Le%C3%B3n	Castile and León	2020-03-18	2020-05-15T10:56:53.000Z	29	868	27		200	7	22	-37	-3	4.14	110.86	3.86	https://www.mscbs.gob.es/
Castilla%E2%80%93La_Mancha	Castilla–La Mancha	2020-03-18	2020-05-15T10:56:53.000Z	42	801	27		126	14	12	18	3	5.86	98.0	3.57	https://www.mscbs.gob.es/
Catalonia	Catalonia	2020-03-18	2020-05-15T10:56:53.000Z	53	2702	103		836	20	24	384	10	6.71	357.14	13.0	https://www.mscbs.gob.es/
Cayman_Islands	Cayman Islands	2020-03-18		1	3			2	0		2	0				https://www.who.int/
Central_African_Republic	Central African Republic	2020-03-18	2020-05-16T11:41:18.000Z	0	1			0	0	0	0	0				https://www.ecdc.europa.eu/
Central_Bedfordshire	Central Bedfordshire	2020-03-18	2020-05-14T13:44:03.000Z		17			6			1					https://www.gov.uk/
Centre-Val_de_Loire	Centre-Val de Loire	2020-03-18		1		0										https://www.santepubliquefrance.fr/
Ceuta	Ceuta	2020-03-18	2020-05-15T10:56:53.000Z	0	1	0		0	0	0	0	0	0.0	0.14	0.0	https://www.mscbs.gob.es/
Champaign_County,_Ohio	Champaign County, Ohio	2020-03-18	2020-03-18T00:00:00.000Z		0											https://coronavirus.ohio.gov/
Chase_County,_Kansas	Chase County, Kansas	2020-03-18	2020-03-18T00:00:00.000Z		0											https://govstatus.egov.com/
Chautauqua_County,_Kansas	Chautauqua County, Kansas	2020-03-18	2020-03-18T00:00:00.000Z		0											https://govstatus.egov.com/
Cherokee_County,_Kansas	Cherokee County, Kansas	2020-03-18	2020-03-18T00:00:00.000Z		0											https://govstatus.egov.com/
Cheshire_County,_New_Hampshire	Cheshire County, New Hampshire	2020-03-18	2020-03-18T00:00:00.000Z		0											https://www.nh.gov/
Cheshire_East	Cheshire East	2020-03-18	2020-05-14T13:44:03.000Z		19			4			0			2.25		https://www.gov.uk/
Cheshire_West_and_Chester	Cheshire West and Chester	2020-03-18	2020-05-14T13:44:03.000Z		13			2			1			0.75		https://www.gov.uk/
Chester_County,_Pennsylvania	Chester County, Pennsylvania	2020-03-18	2020-03-18T16:45:00.000Z		9											https://www.health.pa.gov/
Cheyenne_County,_Kansas	Cheyenne County, Kansas	2020-03-18	2020-03-18T00:00:00.000Z		0											https://govstatus.egov.com/
Chile	Chile	2020-03-18		0	342			104	0	0	22	0	0.0	45.57		https://www.who.int/
China	China	2020-03-18		3242	81174			58	16	16	19	7	11.43	31.29		https://www.who.int/
City_of_Bradford	City of Bradford	2020-03-18	2020-05-14T13:44:03.000Z		12			2			-1					https://www.gov.uk/
City_of_Leeds	City of Leeds	2020-03-18	2020-05-14T13:44:03.000Z		22			4			1			1.55		https://www.gov.uk/
City_of_Salford	City of Salford	2020-03-18	2020-05-14T13:44:03.000Z		14			3			1					https://www.gov.uk/
City_of_Sunderland	City of Sunderland	2020-03-18	2020-05-14T13:44:03.000Z		6			1			-1					https://www.gov.uk/
City_of_Wakefield	City of Wakefield	2020-03-18	2020-05-14T13:44:03.000Z		9			4			0					https://www.gov.uk/
City_of_Westminster	City of Westminster	2020-03-18	2020-05-14T13:44:03.000Z		108			9			-1			10.0		https://www.gov.uk/
Clark_County,_Idaho	Clark County, Idaho	2020-03-18	2020-03-18T00:00:00.000Z		0											https://coronavirus.idaho.gov/
Clark_County,_Kansas	Clark County, Kansas	2020-03-18	2020-03-18T00:00:00.000Z		0											https://govstatus.egov.com/
Clark_County,_Ohio	Clark County, Ohio	2020-03-18	2020-03-18T00:00:00.000Z		0											https://coronavirus.ohio.gov/
Clay_County,_Kansas	Clay County, Kansas	2020-03-18	2020-03-18T00:00:00.000Z		0											https://govstatus.egov.com/
Clear_Creek_County,_Colorado	Clear Creek County, Colorado	2020-03-18	2020-03-18T00:00:00.000Z		2											https://covid19.colorado.gov/
Clearwater_County,_Idaho	Clearwater County, Idaho	2020-03-18	2020-03-18T00:00:00.000Z		0											https://coronavirus.idaho.gov/
Clermont_County,_Ohio	Clermont County, Ohio	2020-03-18	2020-03-18T00:00:00.000Z		0											https://coronavirus.ohio.gov/
Clinton_County,_Ohio	Clinton County, Ohio	2020-03-18	2020-03-18T00:00:00.000Z		0											https://coronavirus.ohio.gov/
Cloud_County,_Kansas	Cloud County, Kansas	2020-03-18	2020-03-18T00:00:00.000Z		0											https://govstatus.egov.com/
Coffey_County,_Kansas	Coffey County, Kansas	2020-03-18	2020-03-18T00:00:00.000Z		0											https://govstatus.egov.com/
Colombia	Colombia	2020-03-18		0	108			15	0	0	-33	0	0.0	14.14		https://www.who.int/
Colorado	Colorado	2020-03-18		2	216			33	1		10	1				https://covid19.colorado.gov/
Columbiana_County,_Ohio	Columbiana County, Ohio	2020-03-18	2020-03-18T00:00:00.000Z		0											https://coronavirus.ohio.gov/
Colusa_County,_California	Colusa County, California	2020-03-18	2020-03-18T00:00:00.000Z	0	0											https://www.countyofcolusa.org/
Comanche_County,_Kansas	Comanche County, Kansas	2020-03-18	2020-03-18T00:00:00.000Z		0											https://govstatus.egov.com/
Community_of_Madrid	Community of Madrid	2020-03-18	2020-05-15T10:56:53.000Z	498	11328	941		1751	108	-10	-197	73	63.14	1199.43	112.0	https://www.mscbs.gob.es/
Connecticut	Connecticut	2020-03-18		0	68			27	0		12	0				https://portal.ct.gov/
Contra_Costa_County,_California	Contra Costa County, California	2020-03-18	2020-03-18T00:00:00.000Z	0	39											https://www.coronavirus.cchealth.org/
Cornwall	Cornwall	2020-03-18	2020-05-14T13:44:03.000Z		21			5			3			1.75		https://www.gov.uk/
Corsica	Corsica	2020-03-18		0		0										https://www.santepubliquefrance.fr/
Coshocton_County,_Ohio	Coshocton County, Ohio	2020-03-18	2020-03-18T00:00:00.000Z		2											https://coronavirus.ohio.gov/
Costa_Rica	Costa Rica	2020-03-18		1	87			37	0	0	28	0	0.14	10.57		https://www.who.int/
County_Carlow	County Carlow	2020-03-18			0			0			0			0.0		https://www.gov.ie/
County_Cavan	County Cavan	2020-03-18			0			0			0			0.0		https://www.gov.ie/
County_Clare	County Clare	2020-03-18			0			0			0			0.0		https://www.gov.ie/
County_Cork	County Cork	2020-03-18			0			0			0			0.0		https://www.gov.ie/
County_Donegal	County Donegal	2020-03-18			0			0			0			0.0		https://www.gov.ie/
County_Dublin	County Dublin	2020-03-18			0			0			0			0.0		https://www.gov.ie/
County_Durham	County Durham	2020-03-18	2020-05-14T13:44:03.000Z		7			2			0					https://www.gov.uk/
County_Galway	County Galway	2020-03-18			0			0			0			0.0		https://www.gov.ie/
County_Kerry	County Kerry	2020-03-18			0			0			0			0.0		https://www.gov.ie/
County_Kildare	County Kildare	2020-03-18			0			0			0			0.0		https://www.gov.ie/
County_Kilkenny	County Kilkenny	2020-03-18			0			0			0			0.0		https://www.gov.ie/
County_Laois	County Laois	2020-03-18			0			0			0			0.0		https://www.gov.ie/
County_Leitrim	County Leitrim	2020-03-18			0			0			0			0.0		https://www.gov.ie/
County_Limerick	County Limerick	2020-03-18			0			0			0			0.0		https://www.gov.ie/
County_Longford	County Longford	2020-03-18			0			0			0			0.0		https://www.gov.ie/
County_Louth	County Louth	2020-03-18			0			0			0			0.0		https://www.gov.ie/
County_Mayo	County Mayo	2020-03-18			0			0			0			0.0		https://www.gov.ie/
County_Meath	County Meath	2020-03-18			0			0			0			0.0		https://www.gov.ie/
County_Monaghan	County Monaghan	2020-03-18			0			0			0			0.0		https://www.gov.ie/
County_Offaly	County Offaly	2020-03-18			0			0			0			0.0		https://www.gov.ie/
County_Roscommon	County Roscommon	2020-03-18			0			0			0			0.0		https://www.gov.ie/
County_Sligo	County Sligo	2020-03-18			0			0			0			0.0		https://www.gov.ie/
County_Tipperary	County Tipperary	2020-03-18			0			0			0			0.0		https://www.gov.ie/
County_Waterford	County Waterford	2020-03-18			0			0			0			0.0		https://www.gov.ie/
County_Westmeath	County Westmeath	2020-03-18			0			0			0			0.0		https://www.gov.ie/
County_Wexford	County Wexford	2020-03-18			0			0			0			0.0		https://www.gov.ie/
County_Wicklow	County Wicklow	2020-03-18			0			0			0			0.0		https://www.gov.ie/
Coventry	Coventry	2020-03-18	2020-05-14T13:44:03.000Z		21			4			0			1.54		https://www.gov.uk/
Cowley_County,_Kansas	Cowley County, Kansas	2020-03-18	2020-03-18T00:00:00.000Z		0											https://govstatus.egov.com/
Co%C3%B6s_County,_New_Hampshire	Coös County, New Hampshire	2020-03-18	2020-03-18T00:00:00.000Z		0											https://www.nh.gov/
Crawford_County,_Ohio	Crawford County, Ohio	2020-03-18	2020-03-18T00:00:00.000Z		0											https://coronavirus.ohio.gov/
Crawford_Township,_Crawford_County,_Kansas	Crawford Township, Crawford County, Kansas	2020-03-18	2020-03-18T00:00:00.000Z		0											https://govstatus.egov.com/
Croatia	Croatia	2020-03-18		0	81			16	0	0	7	0	0.0	8.71		https://www.who.int/
Cuba	Cuba	2020-03-18		1	11			1	0	0	-4	-1				https://www.who.int/
Cumberland_County,_Pennsylvania	Cumberland County, Pennsylvania	2020-03-18	2020-03-18T16:45:00.000Z		10											https://www.health.pa.gov/
Cumbria	Cumbria	2020-03-18	2020-05-14T13:44:03.000Z		79			23			11			9.57		https://www.gov.uk/
Cura%C3%A7ao	Curacao	2020-03-18		0	3			0	0		-1	0				https://www.who.int/
Custer_County,_Idaho	Custer County, Idaho	2020-03-18	2020-03-18T00:00:00.000Z		0											https://coronavirus.idaho.gov/
Cuyahoga_County,_Ohio	Cuyahoga County, Ohio	2020-03-18	2020-03-18T00:00:00.000Z		38											https://coronavirus.ohio.gov/
Cyprus	Cyprus	2020-03-18		0	58			18	0	0	11	0	0.0	8.0		https://www.who.int/
Czech_Republic	Czech Republic	2020-03-18		0	522			88	0	0	-48	0	0.0	65.57		https://www.who.int/
Darke_County,_Ohio	Darke County, Ohio	2020-03-18	2020-03-18T00:00:00.000Z		1											https://coronavirus.ohio.gov/
Decatur_County,_Kansas	Decatur County, Kansas	2020-03-18	2020-03-18T00:00:00.000Z		0											https://govstatus.egov.com/
Defiance_County,_Ohio	Defiance County, Ohio	2020-03-18	2020-03-18T00:00:00.000Z		0											https://coronavirus.ohio.gov/
Del_Norte_County,_California	Del Norte County, California	2020-03-18	2020-03-18T00:00:00.000Z	0	0											http://www.co.del-norte.ca.us/
Delaware	Delaware	2020-03-18		0	26			10	0		2	0				https://dhss.delaware.gov/
Delaware_County,_Ohio	Delaware County, Ohio	2020-03-18	2020-03-18T00:00:00.000Z		1											https://coronavirus.ohio.gov/
Delaware_County,_Pennsylvania	Delaware County, Pennsylvania	2020-03-18	2020-03-18T16:45:00.000Z		14											https://www.health.pa.gov/
Democratic_Republic_of_the_Congo	Democratic Republic of the Congo	2020-03-18		0	7			4	0	0	3	0	0.0	0.86		https://www.who.int/
Denmark	Denmark	2020-03-18		4	1044			67	3	3	-12	3	0.57	72.29		https://www.who.int/
Denver	Denver	2020-03-18	2020-03-18T00:00:00.000Z		43											https://covid19.colorado.gov/
Derby	Derby	2020-03-18	2020-05-14T13:44:03.000Z		24			4			1			2.63		https://www.gov.uk/
Derbyshire	Derbyshire	2020-03-18	2020-05-14T13:44:03.000Z		82			11			2			9.0		https://www.gov.uk/
Devon	Devon	2020-03-18	2020-05-14T13:44:03.000Z		44			3			1			3.14		https://www.gov.uk/
Dickinson_County,_Kansas	Dickinson County, Kansas	2020-03-18	2020-03-18T00:00:00.000Z		0											https://govstatus.egov.com/
Djibouti	Djibouti	2020-03-18		0	1											https://www.who.int/
Dominican_Republic	Dominican Republic	2020-03-18		2	34			13	0	0	13	0	0.29	4.14		https://www.who.int/
Doniphan_County,_Kansas	Doniphan County, Kansas	2020-03-18	2020-03-18T00:00:00.000Z		0											https://govstatus.egov.com/
Dorset	Dorset	2020-03-18	2020-05-14T13:44:03.000Z		11			1			-1			1.25		https://www.gov.uk/
Douglas_County,_Colorado	Douglas County, Colorado	2020-03-18	2020-03-18T00:00:00.000Z		11											https://covid19.colorado.gov/
Douglas_County,_Kansas	Douglas County, Kansas	2020-03-18	2020-03-18T00:00:00.000Z		1											https://govstatus.egov.com/
Dukes_County,_Massachusetts	Dukes County, Massachusetts	2020-03-18	2020-03-18T00:00:00.000Z		0											https://www.mass.gov/
Eagle_County,_Colorado	Eagle County, Colorado	2020-03-18	2020-03-18T00:00:00.000Z		39											https://covid19.colorado.gov/
Earth	Earth	2020-03-18	2020-05-17T00:39:09.722Z	8997	220680			19545	800		792	202	625.29	13520.43		https://github.com/yahoo/covid-19-data/blob/master/data-sources.md
East_Flanders	East Flanders	2020-03-18	2020-03-18		306			53			14			31.43		https://epistat.wiv-isp.be/Covid/
East_Midlands	East Midlands	2020-03-18	2020-05-14T13:44:03.000Z		280			49			16			28.71		https://www.gov.uk/
East_Riding_of_Yorkshire	East Riding of Yorkshire	2020-03-18	2020-05-14T13:44:03.000Z		15			1			0			0.74		https://www.gov.uk/
East_Sussex	East Sussex	2020-03-18	2020-05-14T13:44:03.000Z		16			3			-3					https://www.gov.uk/
East_of_England	East of England	2020-03-18	2020-05-14T13:44:03.000Z		304			74			36			34.29		https://www.gov.uk/
Ecuador	Ecuador	2020-03-18		3	199			44	0	0	-53	0	0.43	26.0		https://www.who.int/
Edwards_County,_Kansas	Edwards County, Kansas	2020-03-18	2020-03-18T00:00:00.000Z		0											https://govstatus.egov.com/
Egypt	Egypt	2020-03-18		6	196			30	2	2	-10	2	0.71	18.43		https://www.who.int/
El_Dorado_County,_California	El Dorado County, California	2020-03-18	2020-03-18T00:00:00.000Z	0	0											https://www.edcgov.us/
El_Paso_County,_Colorado	El Paso County, Colorado	2020-03-18	2020-03-18T00:00:00.000Z		8											https://covid19.colorado.gov/
El_Salvador	El Salvador	2020-03-18		0	1											https://www.who.int/
Elk_County,_Kansas	Elk County, Kansas	2020-03-18	2020-03-18T00:00:00.000Z		0											https://govstatus.egov.com/
Ellis_County,_Kansas	Ellis County, Kansas	2020-03-18	2020-03-18T00:00:00.000Z		0											https://govstatus.egov.com/
Ellsworth_County,_Kansas	Ellsworth County, Kansas	2020-03-18	2020-03-18T00:00:00.000Z		0											https://govstatus.egov.com/
Elmore_County,_Idaho	Elmore County, Idaho	2020-03-18	2020-03-18T00:00:00.000Z		0											https://coronavirus.idaho.gov/
Emilia-Romagna	Emilia-Romagna	2020-03-18		458	4525	152	15461	594	65	18	185	18	49.29	398.0	16.29	http://www.salute.gov.it/
England	England	2020-03-18	2020-05-14T13:44:03.000Z	112					33			18	15.0			https://www.gov.uk/
Equatorial_Guinea	Equatorial Guinea	2020-03-18		0	3			2	0	0	2	0				https://www.who.int/
Erie_County,_Ohio	Erie County, Ohio	2020-03-18	2020-03-18T00:00:00.000Z		0											https://coronavirus.ohio.gov/
Essex	Essex	2020-03-18	2020-05-14T13:44:03.000Z		63			9			-1			7.43		https://www.gov.uk/
Essex_County,_Massachusetts	Essex County, Massachusetts	2020-03-18	2020-03-18T00:00:00.000Z		14											https://www.mass.gov/
Estonia	Estonia	2020-03-18		0	258			33	0	0	13	0	0.0	35.0		https://www.who.int/
Eswatini	Swaziland	2020-03-18	2020-05-16T11:41:18.000Z	0	1			0	0	0	0	0				https://www.ecdc.europa.eu/
Ethiopia	Ethiopia	2020-03-18		0	6			1	0	0	0	0				https://www.who.int/
Extremadura	Extremadura	2020-03-18	2020-05-15T10:56:53.000Z	8	241	6		47	2	0	6	-1	1.0	31.71	0.43	https://www.mscbs.gob.es/
Fairfield_County,_Ohio	Fairfield County, Ohio	2020-03-18	2020-03-18T00:00:00.000Z		0											https://coronavirus.ohio.gov/
Faroe_Islands	Faroe Islands	2020-03-18		0	58			11	0		-25	0	0.0	8.0		https://www.who.int/
Fayette_County,_Ohio	Fayette County, Ohio	2020-03-18	2020-03-18T00:00:00.000Z		0											https://coronavirus.ohio.gov/
Finland	Finland	2020-03-18		0	359			40	0	0	-7	0	0.0	45.57		https://www.who.int/
Finney_County,_Kansas	Finney County, Kansas	2020-03-18	2020-03-18T00:00:00.000Z		0											https://govstatus.egov.com/
Flemish_Brabant	Flemish Brabant	2020-03-18	2020-03-18		376			61			20			36.0		https://epistat.wiv-isp.be/Covid/
Florida	Florida	2020-03-18		7	328			112	1		56	-1				https://floridahealthcovid19.gov/
Ford_County,_Kansas	Ford County, Kansas	2020-03-18	2020-03-18T00:00:00.000Z		0											https://govstatus.egov.com/
France	France	2020-03-18		264	9134	1000		1404	27	398	247	6	30.86	979.0		https://www.santepubliquefrance.fr/
Franklin_County,_Idaho	Franklin County, Idaho	2020-03-18	2020-03-18T00:00:00.000Z		0											https://coronavirus.idaho.gov/
Franklin_County,_Massachusetts	Franklin County, Massachusetts	2020-03-18	2020-03-18T00:00:00.000Z		1											https://www.mass.gov/
Franklin_County,_Ohio	Franklin County, Ohio	2020-03-18	2020-03-18T00:00:00.000Z		7											https://coronavirus.ohio.gov/
Franklin_Township,_Franklin_County,_Kansas	Franklin Township, Franklin County, Kansas	2020-03-18	2020-03-18T00:00:00.000Z		1											https://govstatus.egov.com/
Fremont_County,_Idaho	Fremont County, Idaho	2020-03-18	2020-03-18T00:00:00.000Z		0											https://coronavirus.idaho.gov/
French_Guiana	French Guiana	2020-03-18		0	15			4	0		0	0	0.0	1.43		https://www.who.int/
French_Polynesia	French Polynesia	2020-03-18		0	11			8	0		8	0	0.0	1.43		https://www.who.int/
Fresno_County,_California	Fresno County, California	2020-03-18	2020-03-18T00:00:00.000Z	0	4											https://www.co.fresno.ca.us/
Friuli_Venezia_Giulia	Friuli Venezia Giulia	2020-03-18		31	462	15	4958	68	1	-2	60	-7	3.57	48.0	0.71	http://www.salute.gov.it/
Fulton_County,_Ohio	Fulton County, Ohio	2020-03-18	2020-03-18T00:00:00.000Z		0											https://coronavirus.ohio.gov/
Gabon	Gabon	2020-03-18		0	3			2	0	0	2	0				https://www.who.int/
Galicia_(Spain)	Galicia (Spain)	2020-03-18	2020-05-15T10:56:53.000Z	4	453	4		112	1	-3	63	1	0.57	59.71	0.57	https://www.mscbs.gob.es/
Gallia_County,_Ohio	Gallia County, Ohio	2020-03-18	2020-03-18T00:00:00.000Z		0											https://coronavirus.ohio.gov/
Garfield_County,_Colorado	Garfield County, Colorado	2020-03-18	2020-03-18T00:00:00.000Z		2											https://covid19.colorado.gov/
Geary_County,_Kansas	Geary County, Kansas	2020-03-18	2020-03-18T00:00:00.000Z		0											https://govstatus.egov.com/
Geauga_County,_Ohio	Geauga County, Ohio	2020-03-18	2020-03-18T00:00:00.000Z		1											https://coronavirus.ohio.gov/
Gem_County,_Idaho	Gem County, Idaho	2020-03-18	2020-03-18T00:00:00.000Z		0											https://coronavirus.idaho.gov/
Georgia_(U.S._state)	Georgia	2020-03-18		3	197			51	2		26	2				https://dph.georgia.gov/
Georgia_(country)	Georgia (country)	2020-03-18		0	38			4	0	0	4	0	0.0	1.86		https://www.who.int/
Germany	Germany	2020-03-18		12	8198			1042	0	0	-102	-1	1.29	947.29		https://www.who.int/
Ghana	Ghana	2020-03-18		0	9			3	0	0	-1	0				https://www.who.int/
Gibraltar	Gibraltar	2020-03-18		0	8			5	0		5	0	0.0	1.0		https://www.who.int/
Glenn_County,_California	Glenn County, California	2020-03-18	2020-03-18T00:00:00.000Z	0	0											https://www.countyofglenn.net/
Gloucestershire	Gloucestershire	2020-03-18	2020-05-14T13:44:03.000Z		32			8			3			3.0		https://www.gov.uk/
Gooding_County,_Idaho	Gooding County, Idaho	2020-03-18	2020-03-18T00:00:00.000Z		0											https://coronavirus.idaho.gov/
Gove_County,_Kansas	Gove County, Kansas	2020-03-18	2020-03-18T00:00:00.000Z		0											https://govstatus.egov.com/
Grafton_County,_New_Hampshire	Grafton County, New Hampshire	2020-03-18	2020-03-18T00:00:00.000Z		7											https://www.nh.gov/
Graham_Township,_Graham_County,_Kansas	Graham Township, Graham County, Kansas	2020-03-18	2020-03-18T00:00:00.000Z		0											https://govstatus.egov.com/
Grand_County,_Colorado	Grand County, Colorado	2020-03-18	2020-03-18T00:00:00.000Z		1											https://covid19.colorado.gov/
Grand_Est	Grand Est	2020-03-18		120		146										https://www.santepubliquefrance.fr/
Grant_County,_Kansas	Grant County, Kansas	2020-03-18	2020-03-18T00:00:00.000Z		0											https://govstatus.egov.com/
Gray_County,_Kansas	Gray County, Kansas	2020-03-18	2020-03-18T00:00:00.000Z		0											https://govstatus.egov.com/
Greater_London	Greater London	2020-03-18	2020-05-14T13:44:03.000Z		1976			356			46			216.43		https://www.gov.uk/
Greece	Greece	2020-03-18		5	418			31	1	1	-25	1	0.71	46.86		https://www.who.int/
Greeley_County,_Kansas	Greeley County, Kansas	2020-03-18	2020-03-18T00:00:00.000Z		0											https://govstatus.egov.com/
Greene_County,_Ohio	Greene County, Ohio	2020-03-18	2020-03-18T00:00:00.000Z		0											https://coronavirus.ohio.gov/
Greenland	Greenland	2020-03-18		0	2			0	0		0	0				https://www.who.int/
Greenwood_County,_Kansas	Greenwood County, Kansas	2020-03-18	2020-03-18T00:00:00.000Z		0											https://govstatus.egov.com/
Guadeloupe	Guadeloupe	2020-03-18		0	45			12	0		-3	0				https://www.who.int/
Guam	Guam	2020-03-18		0	5			2	0		2	0				https://www.who.int/
Guatemala	Guatemala	2020-03-18		1	9			3	0	0	3	0				https://www.who.int/
Guernsey	Guernsey	2020-03-18		0	1			0	0		0	0	0.0	0.0		https://www.who.int/
Guernsey_County,_Ohio	Guernsey County, Ohio	2020-03-18	2020-03-18T00:00:00.000Z		0											https://coronavirus.ohio.gov/
Guinea	Guinea	2020-03-18	2020-05-16T11:41:18.000Z	0	1			0	0	0	0	0				https://www.ecdc.europa.eu/
Gunnison_County,_Colorado	Gunnison County, Colorado	2020-03-18	2020-03-18T00:00:00.000Z		11											https://covid19.colorado.gov/
Guyana	Guyana	2020-03-18		1	5			0	0	0	-1	0				https://www.who.int/
Hainaut_Province	Hainaut Province	2020-03-18	2020-03-18		382			77			25			46.29		https://epistat.wiv-isp.be/Covid/
Hamilton_County,_Kansas	Hamilton County, Kansas	2020-03-18	2020-03-18T00:00:00.000Z		0											https://govstatus.egov.com/
Hamilton_County,_Ohio	Hamilton County, Ohio	2020-03-18	2020-03-18T00:00:00.000Z		0											https://coronavirus.ohio.gov/
Hampden_County,_Massachusetts	Hampden County, Massachusetts	2020-03-18	2020-03-18T00:00:00.000Z		2											https://www.mass.gov/
Hampshire	Hampshire	2020-03-18	2020-05-14T13:44:03.000Z		134			17			2			15.14		https://www.gov.uk/
Hampshire_County,_Massachusetts	Hampshire County, Massachusetts	2020-03-18	2020-03-18T00:00:00.000Z		0											https://www.mass.gov/
Hancock_County,_Ohio	Hancock County, Ohio	2020-03-18	2020-03-18T00:00:00.000Z		0											https://coronavirus.ohio.gov/
Hardin_County,_Ohio	Hardin County, Ohio	2020-03-18	2020-03-18T00:00:00.000Z		0											https://coronavirus.ohio.gov/
Harper_County,_Kansas	Harper County, Kansas	2020-03-18	2020-03-18T00:00:00.000Z		0											https://govstatus.egov.com/
Harrison_County,_Ohio	Harrison County, Ohio	2020-03-18	2020-03-18T00:00:00.000Z		0											https://coronavirus.ohio.gov/
Harvey_County,_Kansas	Harvey County, Kansas	2020-03-18	2020-03-18T00:00:00.000Z		0											https://govstatus.egov.com/
Haskell_Township,_Haskell_County,_Kansas	Haskell Township, Haskell County, Kansas	2020-03-18	2020-03-18T00:00:00.000Z		0											https://govstatus.egov.com/
Hauts-de-France	Hauts-de-France	2020-03-18		21		77										https://www.santepubliquefrance.fr/
Hawaii	Hawaii	2020-03-18		0	16			2	0		-2	0				https://health.hawaii.gov/
Henry_County,_Ohio	Henry County, Ohio	2020-03-18	2020-03-18T00:00:00.000Z		0											https://coronavirus.ohio.gov/
Hertfordshire	Hertfordshire	2020-03-18	2020-05-14T13:44:03.000Z		97			24			19			9.29		https://www.gov.uk/
Highland_County,_Ohio	Highland County, Ohio	2020-03-18	2020-03-18T00:00:00.000Z		0											https://coronavirus.ohio.gov/
Hillsborough_County,_New_Hampshire	Hillsborough County, New Hampshire	2020-03-18	2020-03-18T00:00:00.000Z		8											https://www.nh.gov/
Hocking_County,_Ohio	Hocking County, Ohio	2020-03-18	2020-03-18T00:00:00.000Z		0											https://coronavirus.ohio.gov/
Hodgeman_County,_Kansas	Hodgeman County, Kansas	2020-03-18	2020-03-18T00:00:00.000Z		0											https://govstatus.egov.com/
Holmes_County,_Ohio	Holmes County, Ohio	2020-03-18	2020-03-18T00:00:00.000Z		0											https://coronavirus.ohio.gov/
Honduras	Honduras	2020-03-18		0	12			3	0	0	2	0	0.0	1.43		https://www.who.int/
Humboldt_County,_California	Humboldt County, California	2020-03-18	2020-03-18T00:00:00.000Z	0	1											https://humboldtgov.org/
Hungary	Hungary	2020-03-18		1	58			8	0	0	-3	0	0.14	6.43		https://www.who.int/
Huron_County,_Ohio	Huron County, Ohio	2020-03-18	2020-03-18T00:00:00.000Z		1											https://coronavirus.ohio.gov/
Iceland	Iceland	2020-03-18		0	250			25	0	0	-20	0	0.0	25.71		https://www.who.int/
Idaho	Idaho	2020-03-18		0	11			2	0		-2	0				https://coronavirus.idaho.gov/
Idaho_County,_Idaho	Idaho County, Idaho	2020-03-18	2020-03-18T00:00:00.000Z		0											https://coronavirus.idaho.gov/
Illinois	Illinois	2020-03-18		1	288			128	0		73	-1				http://www.dph.illinois.gov/
Imperial_County,_California	Imperial County, California	2020-03-18	2020-03-18T00:00:00.000Z	0	2											http://www.icphd.org/
India	India	2020-03-18		3	151			14	0	0	-9	-1	0.43	13.0		https://www.who.int/
Indiana	Indiana	2020-03-18		5	56		3286	17	1		8	-1	0.71	6.43		https://coronavirus.in.gov/
Indonesia	Indonesia	2020-03-18		19	227			55	0	0	55	0	2.57	28.57		https://www.who.int/
Inyo_County,_California	Inyo County, California	2020-03-18	2020-03-18T00:00:00.000Z	0	0											https://www.inyocounty.us/
Iowa	Iowa	2020-03-18		0	38			9	0		3	0				https://idph.iowa.gov/
Iran	Iran	2020-03-18		1135	17361			1192	135	135	14	6	111.57	1194.43		https://www.who.int/
Iraq	Iraq	2020-03-18		12	164			10	2	2	-20	2	0.71	13.43		https://www.who.int/
Israel	Israel	2020-03-18	2020-05-16T11:41:18.000Z	0	427			123	0	0	69	0	0.0	50.29		https://www.ecdc.europa.eu/
Italy	Italy	2020-03-18		2978	35713	4025	165541	4207	347	1084	681	0	307.29	3321.57	425.71	http://www.salute.gov.it/
Ivory_Coast	Ivory Coast	2020-03-18		0	9			3	0	0	1	0				https://www.who.int/
Jackson_County,_Kansas	Jackson County, Kansas	2020-03-18	2020-03-18T00:00:00.000Z		0											https://govstatus.egov.com/
Jackson_County,_Ohio	Jackson County, Ohio	2020-03-18	2020-03-18T00:00:00.000Z		0											https://coronavirus.ohio.gov/
Jamaica	Jamaica	2020-03-18		1	15			2	0	0	1	0	0.14	2.0		https://www.who.int/
Japan	Japan	2020-03-18		29	873			44	0	0	29	-4	2.43	43.57		https://www.who.int/
Jefferson_County,_Colorado	Jefferson County, Colorado	2020-03-18	2020-03-18T00:00:00.000Z		25											https://covid19.colorado.gov/
Jefferson_County,_Idaho	Jefferson County, Idaho	2020-03-18	2020-03-18T00:00:00.000Z		0											https://coronavirus.idaho.gov/
Jefferson_County,_Kansas	Jefferson County, Kansas	2020-03-18	2020-03-18T00:00:00.000Z		0											https://govstatus.egov.com/
Jefferson_County,_Ohio	Jefferson County, Ohio	2020-03-18	2020-03-18T00:00:00.000Z		0											https://coronavirus.ohio.gov/
Jerome_County,_Idaho	Jerome County, Idaho	2020-03-18	2020-03-18T00:00:00.000Z		0											https://coronavirus.idaho.gov/
Jersey	Jersey	2020-03-18		0	5			0	0		-3	0				https://www.who.int/
Jewell_County,_Kansas	Jewell County, Kansas	2020-03-18	2020-03-18T00:00:00.000Z		0											https://govstatus.egov.com/
Johnson_County,_Kansas	Johnson County, Kansas	2020-03-18	2020-03-18T00:00:00.000Z		11											https://govstatus.egov.com/
Jordan	Jordan	2020-03-18		0	52			17	0	0	-3	0	0.0	7.29		https://www.who.int/
Kansas	Kansas	2020-03-18		1	21			4	0		-2	0				https://www.coronavirus.kdheks.gov
Kazakhstan	Kazakhstan	2020-03-18		0	36			3	0	0	-21	0				https://www.who.int/
Kearny_County,_Kansas	Kearny County, Kansas	2020-03-18	2020-03-18T00:00:00.000Z		0											https://govstatus.egov.com/
Kent	Kent	2020-03-18	2020-05-14T13:44:03.000Z		64			12			7			6.86		https://www.gov.uk/
Kentucky	Kentucky	2020-03-18		1	26			4	0		2	-1				https://govstatus.egov.com/
Kenya	Kenya	2020-03-18		0	7			4	0	0	4	0				https://www.who.int/
Kern_County,_California	Kern County, California	2020-03-18	2020-03-18T00:00:00.000Z	0	0											https://kernpublichealth.com/
Kingman_County,_Kansas	Kingman County, Kansas	2020-03-18	2020-03-18T00:00:00.000Z		0											https://govstatus.egov.com/
Kings_County,_California	Kings County, California	2020-03-18	2020-03-18T00:00:00.000Z	0	0											https://www.countyofkings.com/
Kiowa_County,_Kansas	Kiowa County, Kansas	2020-03-18	2020-03-18T00:00:00.000Z		0											https://govstatus.egov.com/
Kirklees	Kirklees	2020-03-18	2020-05-14T13:44:03.000Z		12			5			4					https://www.gov.uk/
Knox_County,_Ohio	Knox County, Ohio	2020-03-18	2020-03-18T00:00:00.000Z		0											https://coronavirus.ohio.gov/
Kootenai_County,_Idaho	Kootenai County, Idaho	2020-03-18	2020-03-18T00:00:00.000Z		0											https://coronavirus.idaho.gov/
Kuwait	Kuwait	2020-03-18		0	142			12	0	0	5	0	0.0	10.0		https://www.who.int/
Kyrgyzstan	Kyrgyzstan	2020-03-18		0	3											https://www.who.int/
Labette_County,_Kansas	Labette County, Kansas	2020-03-18	2020-03-18T00:00:00.000Z		0											https://govstatus.egov.com/
Lackawanna_County,_Pennsylvania	Lackawanna County, Pennsylvania	2020-03-18	2020-03-18T16:45:00.000Z		1											https://www.health.pa.gov/
Lake_County,_California	Lake County, California	2020-03-18	2020-03-18T00:00:00.000Z	0	0											http://health.co.lake.ca.us/
Lake_County,_Ohio	Lake County, Ohio	2020-03-18	2020-03-18T00:00:00.000Z		2											https://coronavirus.ohio.gov/
Lancashire	Lancashire	2020-03-18	2020-05-14T13:44:03.000Z		38			10			6			3.67		https://www.gov.uk/
Lane_County,_Kansas	Lane County, Kansas	2020-03-18	2020-03-18T00:00:00.000Z		0											https://govstatus.egov.com/
Larimer_County,_Colorado	Larimer County, Colorado	2020-03-18	2020-03-18T00:00:00.000Z		4											https://covid19.colorado.gov/
Lassen_County,_California	Lassen County, California	2020-03-18	2020-03-18T00:00:00.000Z	0	0											https://lassencares.org/
Latah_County,_Idaho	Latah County, Idaho	2020-03-18	2020-03-18T00:00:00.000Z		0											https://coronavirus.idaho.gov/
Latvia	Latvia	2020-03-18		0	71			11	0	0	-13	0	0.0	8.71		https://www.who.int/
Lawrence_County,_Ohio	Lawrence County, Ohio	2020-03-18	2020-03-18T00:00:00.000Z		0											https://coronavirus.ohio.gov/
Lazio	Lazio	2020-03-18		32	724	42	11145	117	9	8	33	5	3.71	82.0	3.29	http://www.salute.gov.it/
Leavenworth_County,_Kansas	Leavenworth County, Kansas	2020-03-18	2020-03-18T00:00:00.000Z		2											https://govstatus.egov.com/
Lebanon	Lebanon	2020-03-18		4	120			0	0	0	-21	0	0.43	8.43		https://www.who.int/
Lehigh_County,_Pennsylvania	Lehigh County, Pennsylvania	2020-03-18	2020-03-18T16:45:00.000Z		1											https://www.health.pa.gov/
Leicester	Leicester	2020-03-18	2020-05-14T13:44:03.000Z		13			5			2					https://www.gov.uk/
Leicestershire	Leicestershire	2020-03-18	2020-05-14T13:44:03.000Z		36			12			8			3.57		https://www.gov.uk/
Lemhi_County,_Idaho	Lemhi County, Idaho	2020-03-18	2020-03-18T00:00:00.000Z		0											https://coronavirus.idaho.gov/
Lewis_County,_Idaho	Lewis County, Idaho	2020-03-18	2020-03-18T00:00:00.000Z		0											https://coronavirus.idaho.gov/
Liberia	Liberia	2020-03-18	2020-05-16T11:41:18.000Z	0	2			1	0	0	1	0				https://www.ecdc.europa.eu/
Licking_County,_Ohio	Licking County, Ohio	2020-03-18	2020-03-18T00:00:00.000Z		0											https://coronavirus.ohio.gov/
Liechtenstein	Liechtenstein	2020-03-18		0	25			18	0	0	18	0	0.0	3.43		https://www.who.int/
Lightship_Nantucket	Lightship Nantucket	2020-03-18	2020-03-18T00:00:00.000Z		0											https://www.mass.gov/
Liguria	Liguria	2020-03-18		73	887	70	2912	109	13	13	-2	3	9.29	99.0	9.29	http://www.salute.gov.it/
Limburg_(Belgium)	Limburg (Belgium)	2020-03-18	2020-03-18		351			58			-8			37.43		https://epistat.wiv-isp.be/Covid/
Lincoln_County,_Idaho	Lincoln County, Idaho	2020-03-18	2020-03-18T00:00:00.000Z		0											https://coronavirus.idaho.gov/
Lincoln_Township,_Dickinson_County,_Kansas	Lincoln Township, Dickinson County, Kansas	2020-03-18	2020-03-18T00:00:00.000Z		0											https://govstatus.egov.com/
Lincolnshire	Lincolnshire	2020-03-18	2020-05-14T13:44:03.000Z		21			5			3			1.27		https://www.gov.uk/
Linn_County,_Kansas	Linn County, Kansas	2020-03-18	2020-03-18T00:00:00.000Z		0											https://govstatus.egov.com/
Lithuania	Lithuania	2020-03-18		0	26			1	0	0	-7	0	0.0	3.29		https://www.who.int/
Liverpool	Liverpool	2020-03-18	2020-05-14T13:44:03.000Z		29			9			5			2.18		https://www.gov.uk/
Li%C3%A8ge_Province	Liège Province	2020-03-18	2020-03-18		337			47			2			33.71		https://epistat.wiv-isp.be/Covid/
Logan_County,_Kansas	Logan County, Kansas	2020-03-18	2020-03-18T00:00:00.000Z		0											https://govstatus.egov.com/
Logan_County,_Ohio	Logan County, Ohio	2020-03-18	2020-03-18T00:00:00.000Z		0											https://coronavirus.ohio.gov/
Lombardy	Lombardy	2020-03-18		1959	17713	3488	48983	1493	319	1003	-78	99	191.71	1490.43	369.71	http://www.salute.gov.it/
London_Borough_of_Barking_and_Dagenham	London Borough of Barking and Dagenham	2020-03-18	2020-05-14T13:44:03.000Z		29			5			0			3.57		https://www.gov.uk/
London_Borough_of_Barnet	London Borough of Barnet	2020-03-18	2020-05-14T13:44:03.000Z		86			14			7			8.43		https://www.gov.uk/
London_Borough_of_Bexley	London Borough of Bexley	2020-03-18	2020-05-14T13:44:03.000Z		36			5			-1			4.0		https://www.gov.uk/
London_Borough_of_Brent	London Borough of Brent	2020-03-18	2020-05-14T13:44:03.000Z		102			22			-1			11.71		https://www.gov.uk/
London_Borough_of_Bromley	London Borough of Bromley	2020-03-18	2020-05-14T13:44:03.000Z		62			13			4			7.43		https://www.gov.uk/
London_Borough_of_Camden	London Borough of Camden	2020-03-18	2020-05-14T13:44:03.000Z		51			10			6			4.43		https://www.gov.uk/
London_Borough_of_Croydon	London Borough of Croydon	2020-03-18	2020-05-14T13:44:03.000Z		88			15			-6			11.57		https://www.gov.uk/
London_Borough_of_Ealing	London Borough of Ealing	2020-03-18	2020-05-14T13:44:03.000Z		81			18			9			8.29		https://www.gov.uk/
London_Borough_of_Enfield	London Borough of Enfield	2020-03-18	2020-05-14T13:44:03.000Z		51			7			-5			5.71		https://www.gov.uk/
London_Borough_of_Hackney	London Borough of Hackney	2020-03-18	2020-05-14T13:44:03.000Z		48			5			-2			4.86		https://www.gov.uk/
London_Borough_of_Hammersmith_and_Fulham	London Borough of Hammersmith and Fulham	2020-03-18	2020-05-14T13:44:03.000Z		49			9			1			4.14		https://www.gov.uk/
London_Borough_of_Haringey	London Borough of Haringey	2020-03-18	2020-05-14T13:44:03.000Z		51			13			9			5.57		https://www.gov.uk/
London_Borough_of_Harrow	London Borough of Harrow	2020-03-18	2020-05-14T13:44:03.000Z		88			23			9			10.86		https://www.gov.uk/
London_Borough_of_Havering	London Borough of Havering	2020-03-18	2020-05-14T13:44:03.000Z		29			11			8			3.43		https://www.gov.uk/
London_Borough_of_Hillingdon	London Borough of Hillingdon	2020-03-18	2020-05-14T13:44:03.000Z		53			5			-11			6.14		https://www.gov.uk/
London_Borough_of_Hounslow	London Borough of Hounslow	2020-03-18	2020-05-14T13:44:03.000Z		54			10			2			6.0		https://www.gov.uk/
London_Borough_of_Islington	London Borough of Islington	2020-03-18	2020-05-14T13:44:03.000Z		53			8			1			6.71		https://www.gov.uk/
London_Borough_of_Lambeth	London Borough of Lambeth	2020-03-18	2020-05-14T13:44:03.000Z		121			17			-4			13.14		https://www.gov.uk/
London_Borough_of_Lewisham	London Borough of Lewisham	2020-03-18	2020-05-14T13:44:03.000Z		57			9			1			6.86		https://www.gov.uk/
London_Borough_of_Merton	London Borough of Merton	2020-03-18	2020-05-14T13:44:03.000Z		63			13			3			6.57		https://www.gov.uk/
London_Borough_of_Newham	London Borough of Newham	2020-03-18	2020-05-14T13:44:03.000Z		47			12			7			6.0		https://www.gov.uk/
London_Borough_of_Redbridge	London Borough of Redbridge	2020-03-18	2020-05-14T13:44:03.000Z		39			12			4			1.58		https://www.gov.uk/
London_Borough_of_Richmond_upon_Thames	London Borough of Richmond upon Thames	2020-03-18	2020-05-14T13:44:03.000Z		23			5			0			1.75		https://www.gov.uk/
London_Borough_of_Southwark	London Borough of Southwark	2020-03-18	2020-05-14T13:44:03.000Z		130			20			1			13.57		https://www.gov.uk/
London_Borough_of_Sutton	London Borough of Sutton	2020-03-18	2020-05-14T13:44:03.000Z		26			5			1			2.44		https://www.gov.uk/
London_Borough_of_Tower_Hamlets	London Borough of Tower Hamlets	2020-03-18	2020-05-14T13:44:03.000Z		45			11			5			4.86		https://www.gov.uk/
London_Borough_of_Waltham_Forest	London Borough of Waltham Forest	2020-03-18	2020-05-14T13:44:03.000Z		33			11			6			4.0		https://www.gov.uk/
London_Borough_of_Wandsworth	London Borough of Wandsworth	2020-03-18	2020-05-14T13:44:03.000Z		113			15			-5			12.43		https://www.gov.uk/
Lorain_County,_Ohio	Lorain County, Ohio	2020-03-18	2020-03-18T00:00:00.000Z		6											https://coronavirus.ohio.gov/
Los_Angeles_County,_California	Los Angeles County, California	2020-03-18	2020-03-18T00:00:00.000Z	1	144											http://publichealth.lacounty.gov/
Louisiana	Louisiana	2020-03-18		7	280			84	2		25	0				http://ldh.la.gov/
Lucas_County,_Ohio	Lucas County, Ohio	2020-03-18	2020-03-18T00:00:00.000Z		1											https://coronavirus.ohio.gov/
Luton	Luton	2020-03-18	2020-05-14T13:44:03.000Z		14			6			1					https://www.gov.uk/
Luxembourg	Luxembourg	2020-03-18		2	210			70	0	0	11	0	0.29	29.0		https://www.who.int/
Luxembourg_(Belgium)	Luxembourg (Belgium)	2020-03-18	2020-03-18		41			15			12			5.0		https://epistat.wiv-isp.be/Covid/
Luzerne_County,_Pennsylvania	Luzerne County, Pennsylvania	2020-03-18	2020-03-18T16:45:00.000Z		1											https://www.health.pa.gov/
Lyon_Township,_Dickinson_County,_Kansas	Lyon Township, Dickinson County, Kansas	2020-03-18	2020-03-18T00:00:00.000Z		0											https://govstatus.egov.com/
Madera_County,_California	Madera County, California	2020-03-18	2020-03-18T00:00:00.000Z	0	1											https://www.maderacounty.com/
Madison_County,_Idaho	Madison County, Idaho	2020-03-18	2020-03-18T00:00:00.000Z		1											https://coronavirus.idaho.gov/
Madison_County,_Ohio	Madison County, Ohio	2020-03-18	2020-03-18T00:00:00.000Z		0											https://coronavirus.ohio.gov/
Mahoning_County,_Ohio	Mahoning County, Ohio	2020-03-18	2020-03-18T00:00:00.000Z		3											https://coronavirus.ohio.gov/
Maine	Maine	2020-03-18		0	43			11	0		-4	0				https://www.maine.gov/
Malaysia	Malaysia	2020-03-18	2020-05-16T11:41:18.000Z	2	673			120	2	2	120	2	0.29	77.71		https://www.ecdc.europa.eu/
Maldives	Maldives	2020-03-18	2020-05-16T11:41:18.000Z	0	13			0	0	0	0	0	0.0	0.71		https://www.ecdc.europa.eu/
Malta	Malta	2020-03-18	2020-05-16T11:41:18.000Z	0	48			10	0	0	2	0	0.0	6.0		https://www.ecdc.europa.eu/
Manchester	Manchester	2020-03-18	2020-05-14T13:44:03.000Z		31			3			-1			2.78		https://www.gov.uk/
Marche	Marche	2020-03-18		92	1568	0	4109	197	23	0	68	11	10.57	155.57	0.0	http://www.salute.gov.it/
Marin_County,_California	Marin County, California	2020-03-18	2020-03-18T00:00:00.000Z	0	15											https://coronavirus.marinhhs.org
Marion_County,_Kansas	Marion County, Kansas	2020-03-18	2020-03-18T00:00:00.000Z		0											https://govstatus.egov.com/
Marion_County,_Ohio	Marion County, Ohio	2020-03-18	2020-03-18T00:00:00.000Z		0											https://coronavirus.ohio.gov/
Mariposa_County,_California	Mariposa County, California	2020-03-18	2020-03-18T00:00:00.000Z	0	0											http://www.mariposacounty.org/
Marshall_County,_Kansas	Marshall County, Kansas	2020-03-18	2020-03-18T00:00:00.000Z		0											https://govstatus.egov.com/
Martinique	Martinique	2020-03-18		0	32			9	0		2	0	0.0	4.14		https://www.who.int/
Maryland	Maryland	2020-03-18		1	85			28	1		8	1				https://coronavirus.maryland.gov/
Massachusetts	Massachusetts	2020-03-18		0	256			38	0		17	0				https://www.mass.gov/
Mauritania	Mauritania	2020-03-18		0	2			1	0	0	1	0				https://www.who.int/
Mauritius	Mauritius	2020-03-18		0	3											https://www.who.int/
Mayotte	Mayotte	2020-03-18		0	3			2	0		2	0				https://www.who.int/
McPherson_County,_Kansas	McPherson County, Kansas	2020-03-18	2020-03-18T00:00:00.000Z		0											https://govstatus.egov.com/
Meade_County,_Kansas	Meade County, Kansas	2020-03-18	2020-03-18T00:00:00.000Z		0											https://govstatus.egov.com/
Medina_County,_Ohio	Medina County, Ohio	2020-03-18	2020-03-18T00:00:00.000Z		4											https://coronavirus.ohio.gov/
Meigs_County,_Ohio	Meigs County, Ohio	2020-03-18	2020-03-18T00:00:00.000Z		0											https://coronavirus.ohio.gov/
Melilla	Melilla	2020-03-18	2020-05-15T10:56:53.000Z	0	23	0		3	0	0	0	0	0.0	3.29	0.0	https://www.mscbs.gob.es/
Mendocino_County,_California	Mendocino County, California	2020-03-18	2020-03-18T00:00:00.000Z	0	0											https://www.mendocinocounty.org/
Merced_County,_California	Merced County, California	2020-03-18	2020-03-18T00:00:00.000Z	0	0											https://www.co.merced.ca.us/
Mercer_County,_Ohio	Mercer County, Ohio	2020-03-18	2020-03-18T00:00:00.000Z		0											https://coronavirus.ohio.gov/
Merrimack_County,_New_Hampshire	Merrimack County, New Hampshire	2020-03-18	2020-03-18T00:00:00.000Z		1											https://www.nh.gov/
Mesa_County,_Colorado	Mesa County, Colorado	2020-03-18	2020-03-18T00:00:00.000Z		1											https://covid19.colorado.gov/
Metropolitan_Borough_of_Barnsley	Metropolitan Borough of Barnsley	2020-03-18	2020-05-14T13:44:03.000Z		12			3			1			0.25		https://www.gov.uk/
Metropolitan_Borough_of_Bolton	Metropolitan Borough of Bolton	2020-03-18	2020-05-14T13:44:03.000Z		16			3			2			1.18		https://www.gov.uk/
Metropolitan_Borough_of_Bury	Metropolitan Borough of Bury	2020-03-18	2020-05-14T13:44:03.000Z		12			2			0					https://www.gov.uk/
Metropolitan_Borough_of_Doncaster	Metropolitan Borough of Doncaster	2020-03-18	2020-05-14T13:44:03.000Z		7			1			-1					https://www.gov.uk/
Metropolitan_Borough_of_Dudley	Metropolitan Borough of Dudley	2020-03-18	2020-05-14T13:44:03.000Z		26			6			4			2.75		https://www.gov.uk/
Metropolitan_Borough_of_Knowsley	Metropolitan Borough of Knowsley	2020-03-18	2020-05-14T13:44:03.000Z		5			2			0					https://www.gov.uk/
Metropolitan_Borough_of_Oldham	Metropolitan Borough of Oldham	2020-03-18	2020-05-14T13:44:03.000Z		17			2			1			1.18		https://www.gov.uk/
Metropolitan_Borough_of_Rochdale	Metropolitan Borough of Rochdale	2020-03-18	2020-05-14T13:44:03.000Z		14			1			-4			1.44		https://www.gov.uk/
Metropolitan_Borough_of_Rotherham	Metropolitan Borough of Rotherham	2020-03-18	2020-05-14T13:44:03.000Z		10			2			0					https://www.gov.uk/
Metropolitan_Borough_of_Sefton	Metropolitan Borough of Sefton	2020-03-18	2020-05-14T13:44:03.000Z		9			1			0					https://www.gov.uk/
Metropolitan_Borough_of_Solihull	Metropolitan Borough of Solihull	2020-03-18	2020-05-14T13:44:03.000Z		5			1			0					https://www.gov.uk/
Metropolitan_Borough_of_St_Helens	Metropolitan Borough of St Helens	2020-03-18	2020-05-14T13:44:03.000Z		5			2			1					https://www.gov.uk/
Metropolitan_Borough_of_Stockport	Metropolitan Borough of Stockport	2020-03-18	2020-05-14T13:44:03.000Z		28			7			1			3.13		https://www.gov.uk/
Metropolitan_Borough_of_Walsall	Metropolitan Borough of Walsall	2020-03-18	2020-05-14T13:44:03.000Z		32			5			1			3.57		https://www.gov.uk/
Metropolitan_Borough_of_Wigan	Metropolitan Borough of Wigan	2020-03-18	2020-05-14T13:44:03.000Z		10			2			1			0.47		https://www.gov.uk/
Mexico	Mexico	2020-03-18		1	118			25	0	0	14	0	0.14	15.29		https://www.who.int/
Miami_County,_Kansas	Miami County, Kansas	2020-03-18	2020-03-18T00:00:00.000Z		0											https://govstatus.egov.com/
Miami_County,_Ohio	Miami County, Ohio	2020-03-18	2020-03-18T00:00:00.000Z		0											https://coronavirus.ohio.gov/
Michigan	Michigan	2020-03-18			80			15			4					https://www.michigan.gov/
Middlesbrough	Middlesbrough	2020-03-18	2020-05-14T13:44:03.000Z		2			1			1					https://www.gov.uk/
Middlesex_County,_Massachusetts	Middlesex County, Massachusetts	2020-03-18	2020-03-18T00:00:00.000Z		100											https://www.mass.gov/
Minidoka_County,_Idaho	Minidoka County, Idaho	2020-03-18	2020-03-18T00:00:00.000Z		0											https://coronavirus.idaho.gov/
Minnesota	Minnesota	2020-03-18		0	77			17	0		11	0				https://www.health.state.mn.us/
Mississippi	Mississippi	2020-03-18		0	21			9	0		7	0				https://msdh.ms.gov/
Missouri	Missouri	2020-03-18		0	16											https://health.mo.gov/
Mitchell_County,_Kansas	Mitchell County, Kansas	2020-03-18	2020-03-18T00:00:00.000Z		0											https://govstatus.egov.com/
Modoc_County,_California	Modoc County, California	2020-03-18	2020-03-18T00:00:00.000Z	0	0											https://www.modocsheriff.us/
Moldova	Moldova	2020-03-18		0	36			6	0	0	5	0	0.0	4.71		https://www.who.int/
Molise	Molise	2020-03-18		1	28	6	361	3	0	1	-1	0	0.14	1.71	0.86	http://www.salute.gov.it/
Monaco	Monaco	2020-03-18	2020-05-16T11:41:18.000Z	0	9			0	0	0	0	0	0.0	1.14		https://www.ecdc.europa.eu/
Mongolia	Mongolia	2020-03-18		0	5			1	0	0	1	0	0.0	0.57		https://www.who.int/
Mono_County,_California	Mono County, California	2020-03-18	2020-03-18T00:00:00.000Z	0	0											https://coronavirus.monocounty.ca.gov/
Monroe_County,_Ohio	Monroe County, Ohio	2020-03-18	2020-03-18T00:00:00.000Z		0											https://coronavirus.ohio.gov/
Monroe_County,_Pennsylvania	Monroe County, Pennsylvania	2020-03-18	2020-03-18T16:45:00.000Z		7											https://www.health.pa.gov/
Montenegro	Montenegro	2020-03-18	2020-05-16T11:41:18.000Z	0	2			0	0	0	0	0				https://www.ecdc.europa.eu/
Monterey_County,_California	Monterey County, California	2020-03-18	2020-03-18T00:00:00.000Z	0	2											https://www.co.monterey.ca.us/
Montgomery_County,_Kansas	Montgomery County, Kansas	2020-03-18	2020-03-18T00:00:00.000Z		0											https://govstatus.egov.com/
Montgomery_County,_Ohio	Montgomery County, Ohio	2020-03-18	2020-03-18T00:00:00.000Z		0											https://coronavirus.ohio.gov/
Montgomery_County,_Pennsylvania	Montgomery County, Pennsylvania	2020-03-18	2020-03-18T16:45:00.000Z		42											https://www.health.pa.gov/
Montserrat	Montserrat	2020-03-18		0	1			0	0		0	0				https://www.who.int/
Morgan_County,_Ohio	Morgan County, Ohio	2020-03-18	2020-03-18T00:00:00.000Z		0											https://coronavirus.ohio.gov/
Morocco	Morocco	2020-03-18		2	49			11	1	1	2	1	0.14	6.29		https://www.who.int/
Morris_County,_Kansas	Morris County, Kansas	2020-03-18	2020-03-18T00:00:00.000Z		0											https://govstatus.egov.com/
Morrow_County,_Ohio	Morrow County, Ohio	2020-03-18	2020-03-18T00:00:00.000Z		0											https://coronavirus.ohio.gov/
Morton_County,_Kansas	Morton County, Kansas	2020-03-18	2020-03-18T00:00:00.000Z		0											https://govstatus.egov.com/
Morton_County,_North_Dakota	Morton County, North Dakota	2020-03-18	2020-03-18T00:00:00.000Z		2											https://www.health.nd.gov/
Muskingum_County,_Ohio	Muskingum County, Ohio	2020-03-18	2020-03-18T00:00:00.000Z		0											https://coronavirus.ohio.gov/
Namibia	Namibia	2020-03-18	2020-05-16T11:41:18.000Z	0	2			0	0	0	0	0				https://www.ecdc.europa.eu/
Namur_Province	Namur Province	2020-03-18	2020-03-18		62			21			21			5.44		https://epistat.wiv-isp.be/Covid/
Napa_County,_California	Napa County, California	2020-03-18	2020-03-18T00:00:00.000Z	0	0											https://www.countyofnapa.org/
Navarre	Navarre	2020-03-18	2020-05-15T10:56:53.000Z	4	482	0		96	1	0	23	0	0.57	58.43	0.0	https://www.mscbs.gob.es/
Nemaha_County,_Kansas	Nemaha County, Kansas	2020-03-18	2020-03-18T00:00:00.000Z		0											https://govstatus.egov.com/
Neosho_County,_Kansas	Neosho County, Kansas	2020-03-18	2020-03-18T00:00:00.000Z		0											https://govstatus.egov.com/
Nepal	Nepal	2020-03-18	2020-05-16T11:41:18.000Z	0	1			0	0	0	0	0	0.0	0.0		https://www.ecdc.europa.eu/
Ness_County,_Kansas	Ness County, Kansas	2020-03-18	2020-03-18T00:00:00.000Z		0											https://govstatus.egov.com/
Netherlands	Netherlands	2020-03-18		58	2051			0	19	19	-638	15	7.57	221.14		https://www.who.int/
Nevada	Nevada	2020-03-18		2	78			5	1		-5	1				https://nvhealthresponse.nv.gov/
Nevada_County,_California	Nevada County, California	2020-03-18	2020-03-18T00:00:00.000Z	0	1											https://www.mynevadacounty.com/
New_Hampshire	New Hampshire	2020-03-18		0	26			9	0		5	0				https://www.nh.gov/
New_Jersey	New Jersey	2020-03-18		5	427			160	2		71	2				https://www.nj.gov/
New_Mexico	New Mexico	2020-03-18		0	28			5	0		3	0				https://cv.nmhealth.org
New_York_(state)	New York (state)	2020-03-18			2383			1009			577					https://coronavirus.health.ny.gov/
New_Zealand	New Zealand	2020-03-18	2020-05-16T11:41:18.000Z	0	20			9	0	0	4	0	0.0	2.14		https://www.ecdc.europa.eu/
Newcastle_upon_Tyne	Newcastle upon Tyne	2020-03-18	2020-05-14T13:44:03.000Z		22			3			-3			1.46		https://www.gov.uk/
Nez_Perce_County,_Idaho	Nez Perce County, Idaho	2020-03-18	2020-03-18T00:00:00.000Z		0											https://coronavirus.idaho.gov/
Nicaragua	Nicaragua	2020-03-18		0	1											https://www.who.int/
Nigeria	Nigeria	2020-03-18		0	8			6	0	0	6	0	0.0	0.86		https://www.who.int/
Noble_County,_Ohio	Noble County, Ohio	2020-03-18	2020-03-18T00:00:00.000Z		0											https://coronavirus.ohio.gov/
Norfolk	Norfolk	2020-03-18	2020-05-14T13:44:03.000Z		32			9			3			4.29		https://www.gov.uk/
Norfolk_County,_Massachusetts	Norfolk County, Massachusetts	2020-03-18	2020-03-18T00:00:00.000Z		45											https://www.mass.gov/
Normandy	Normandy	2020-03-18		3		6										https://www.santepubliquefrance.fr/
North_Carolina	North Carolina	2020-03-18		0	63			23	0		17	0				https://www.ncdhhs.gov/
North_Dakota	North Dakota	2020-03-18		0	5			4	0		4	0				https://www.health.nd.gov/
North_East_England	North East England	2020-03-18	2020-05-14T13:44:03.000Z		75			13			-3			8.57		https://www.gov.uk/
North_East_Lincolnshire	North East Lincolnshire	2020-03-18	2020-05-14T13:44:03.000Z		1											https://www.gov.uk/
North_Macedonia	Republic of Macedonia	2020-03-18	2020-05-16T11:41:18.000Z	0	31			0	0	0	-12	0	0.0	3.43		https://www.ecdc.europa.eu/
North_Tyneside	North Tyneside	2020-03-18	2020-05-14T13:44:03.000Z		11			3			2					https://www.gov.uk/
North_West_England	North West England	2020-03-18	2020-05-14T13:44:03.000Z		410			84			29			46.29		https://www.gov.uk/
North_Yorkshire	North Yorkshire	2020-03-18	2020-05-14T13:44:03.000Z		19			3			1			1.78		https://www.gov.uk/
Northampton_County,_Pennsylvania	Northampton County, Pennsylvania	2020-03-18	2020-03-18T16:45:00.000Z	1	1											https://www.health.pa.gov/
Northumberland	Northumberland	2020-03-18	2020-05-14T13:44:03.000Z		7			1			-1					https://www.gov.uk/
Norway	Norway	2020-03-18		3	1423			115	0	0	-24	-2	0.43	163.71		https://www.who.int/
Nottingham	Nottingham	2020-03-18	2020-05-14T13:44:03.000Z		25			2			-3			2.25		https://www.gov.uk/
Nottinghamshire	Nottinghamshire	2020-03-18	2020-05-14T13:44:03.000Z		54			10			7			5.57		https://www.gov.uk/
Nouvelle-Aquitaine	Nouvelle-Aquitaine	2020-03-18		2		11										https://www.santepubliquefrance.fr/
Occitanie	Occitanie	2020-03-18		6		51										https://www.santepubliquefrance.fr/
Ohio	Ohio	2020-03-18		0	88			21	0		4	0				https://coronavirus.ohio.gov/
Oklahoma	Oklahoma	2020-03-18		0	29			11	0		3	0				https://coronavirus.health.ok.gov/
Oman	Oman	2020-03-18		0	33			9	0	0	7	0	0.0	2.14		https://www.who.int/
Oneida_County,_Idaho	Oneida County, Idaho	2020-03-18	2020-03-18T00:00:00.000Z		0											https://coronavirus.idaho.gov/
Orange_County,_California	Orange County, California	2020-03-18	2020-03-18T00:00:00.000Z	0	29											https://occovid19.ochealthinfo.com/
Oregon	Oregon	2020-03-18		3	75			9	2		-10	2				https://govstatus.egov.com/OR-OHA-COVID-19
Osage_Township,_Allen_County,_Kansas	Osage Township, Allen County, Kansas	2020-03-18	2020-03-18T00:00:00.000Z		0											https://govstatus.egov.com/
Osborne_County,_Kansas	Osborne County, Kansas	2020-03-18	2020-03-18T00:00:00.000Z		0											https://govstatus.egov.com/
Ottawa_County,_Kansas	Ottawa County, Kansas	2020-03-18	2020-03-18T00:00:00.000Z		0											https://govstatus.egov.com/
Ottawa_County,_Ohio	Ottawa County, Ohio	2020-03-18	2020-03-18T00:00:00.000Z		0											https://coronavirus.ohio.gov/
Owyhee_County,_Idaho	Owyhee County, Idaho	2020-03-18	2020-03-18T00:00:00.000Z		0											https://coronavirus.idaho.gov/
Oxfordshire	Oxfordshire	2020-03-18	2020-05-14T13:44:03.000Z		52			7			-2			4.25		https://www.gov.uk/
Pakistan	Pakistan	2020-03-18		0	241			54	0	0	-80	0	0.0	31.71		https://www.who.int/
Panama	Panama	2020-03-18		1	109			23	0	0	6	0	0.0	14.14		https://www.who.int/
Paraguay	Paraguay	2020-03-18	2020-05-16T11:41:18.000Z	0	11			0	0	0	-2	0	0.0	0.86		https://www.ecdc.europa.eu/
Paulding_County,_Ohio	Paulding County, Ohio	2020-03-18	2020-03-18T00:00:00.000Z		0											https://coronavirus.ohio.gov/
Pawnee_County,_Kansas	Pawnee County, Kansas	2020-03-18	2020-03-18T00:00:00.000Z		0											https://govstatus.egov.com/
Payette_County,_Idaho	Payette County, Idaho	2020-03-18	2020-03-18T00:00:00.000Z		0											https://coronavirus.idaho.gov/
Pays_de_la_Loire	Pays de la Loire	2020-03-18		1		36										https://www.santepubliquefrance.fr/
Pennsylvania	Pennsylvania	2020-03-18		1	133			37	1		17	1				https://www.health.pa.gov/
Perry_County,_Ohio	Perry County, Ohio	2020-03-18	2020-03-18T00:00:00.000Z		0											https://coronavirus.ohio.gov/
Peru	Peru	2020-03-18		0	234			89	0	0	30	0	0.0	31.0		https://www.who.int/
Peterborough	Peterborough	2020-03-18	2020-05-14T13:44:03.000Z		3			1			1					https://www.gov.uk/
Philadelphia_County,_Pennsylvania	Philadelphia County, Pennsylvania	2020-03-18	2020-03-18T16:45:00.000Z		17											https://www.health.pa.gov/
Philippines	Philippines	2020-03-18	2020-05-16T11:41:18.000Z	14	187			0	2	2	-45	2	1.86	19.71		https://www.ecdc.europa.eu/
Phillips_County,_Kansas	Phillips County, Kansas	2020-03-18	2020-03-18T00:00:00.000Z		0											https://govstatus.egov.com/
Pickaway_County,_Ohio	Pickaway County, Ohio	2020-03-18	2020-03-18T00:00:00.000Z		0											https://coronavirus.ohio.gov/
Piedmont	Piedmont	2020-03-18		154	2341	0	7516	444	21	0	63	-1	19.0	262.86	0.0	http://www.salute.gov.it/
Pike_County,_Ohio	Pike County, Ohio	2020-03-18	2020-03-18T00:00:00.000Z		0											https://coronavirus.ohio.gov/
Pike_County,_Pennsylvania	Pike County, Pennsylvania	2020-03-18	2020-03-18T16:45:00.000Z		2											https://www.health.pa.gov/
Pitkin_County,_Colorado	Pitkin County, Colorado	2020-03-18	2020-03-18T00:00:00.000Z		11											https://covid19.colorado.gov/
Placer_County,_California	Placer County, California	2020-03-18	2020-03-18T00:00:00.000Z	1	9											https://www.placer.ca.gov/
Plumas_County,_California	Plumas County, California	2020-03-18	2020-03-18T00:00:00.000Z	0	0											https://www.plumascounty.us/
Plymouth	Plymouth	2020-03-18	2020-05-14T13:44:03.000Z		10			3			2					https://www.gov.uk/
Plymouth_County,_Massachusetts	Plymouth County, Massachusetts	2020-03-18	2020-03-18T00:00:00.000Z		5											https://www.mass.gov/
Poland	Poland	2020-03-18		5	287			41	1	1	-55	0	0.71	37.14		https://www.who.int/
Portage_County,_Ohio	Portage County, Ohio	2020-03-18	2020-03-18T00:00:00.000Z		0											https://coronavirus.ohio.gov/
Portsmouth	Portsmouth	2020-03-18	2020-05-14T13:44:03.000Z		20			3			0			2.11		https://www.gov.uk/
Portugal	Portugal	2020-03-18		2	642			194	1	1	77	1	0.29	85.86		https://www.who.int/
Pottawatomie_County,_Kansas	Pottawatomie County, Kansas	2020-03-18	2020-03-18T00:00:00.000Z		0											https://govstatus.egov.com/
Power_County,_Idaho	Power County, Idaho	2020-03-18	2020-03-18T00:00:00.000Z		0											https://coronavirus.idaho.gov/
Pratt_County,_Kansas	Pratt County, Kansas	2020-03-18	2020-03-18T00:00:00.000Z		0											https://govstatus.egov.com/
Preble_County,_Ohio	Preble County, Ohio	2020-03-18	2020-03-18T00:00:00.000Z		0											https://coronavirus.ohio.gov/
Provence-Alpes-C%C3%B4te_d%27Azur	Provence-Alpes-Côte d'Azur	2020-03-18		7		202										https://www.santepubliquefrance.fr/
Pueblo_County,_Colorado	Pueblo County, Colorado	2020-03-18	2020-03-18T00:00:00.000Z		1											https://covid19.colorado.gov/
Puerto_Rico	Puerto Rico	2020-03-18		0	6			1	0		-1	0				https://www.who.int/
Putnam_County,_Ohio	Putnam County, Ohio	2020-03-18	2020-03-18T00:00:00.000Z		0											https://coronavirus.ohio.gov/
Qatar	Qatar	2020-03-18	2020-05-16T11:41:18.000Z	0	442			0	0	0	-41	0	0.0	25.71		https://www.ecdc.europa.eu/
Rawlins_County,_Kansas	Rawlins County, Kansas	2020-03-18	2020-03-18T00:00:00.000Z		0											https://govstatus.egov.com/
Reading,_Berkshire	Reading, Berkshire	2020-03-18	2020-05-14T13:44:03.000Z		15			4			2			1.4		https://www.gov.uk/
Region_of_Murcia	Region of Murcia	2020-03-18	2020-05-15T10:56:53.000Z	0	167	1		45	0	0	20	0	0.0	20.14	0.14	https://www.mscbs.gob.es/
Reno_County,_Kansas	Reno County, Kansas	2020-03-18	2020-03-18T00:00:00.000Z		0											https://govstatus.egov.com/
Republic_County,_Kansas	Republic County, Kansas	2020-03-18	2020-03-18T00:00:00.000Z		0											https://govstatus.egov.com/
Republic_of_Ireland	Republic of Ireland	2020-03-18	2020-05-16T11:41:18.000Z	2	292			0	0	0	-69	0	0.14	35.57		https://www.ecdc.europa.eu/
Republic_of_the_Congo	Republic of the Congo	2020-03-18		0	3			2	0	0	2	0				https://www.who.int/
Rhode_Island	Rhode Island	2020-03-18		0	33			12	0		12	0				https://health.ri.gov/
Rice_County,_Kansas	Rice County, Kansas	2020-03-18	2020-03-18T00:00:00.000Z		0											https://govstatus.egov.com/
Richland_County,_Ohio	Richland County, Ohio	2020-03-18	2020-03-18T00:00:00.000Z		0											https://coronavirus.ohio.gov/
Riley_County,_Kansas	Riley County, Kansas	2020-03-18	2020-03-18T00:00:00.000Z		0											https://govstatus.egov.com/
Riverside_County,_California	Riverside County, California	2020-03-18	2020-03-18T00:00:00.000Z	3	16											https://www.countyofriverside.us/
Rockingham_County,_New_Hampshire	Rockingham County, New Hampshire	2020-03-18	2020-03-18T00:00:00.000Z		17											https://www.nh.gov/
Romania	Romania	2020-03-18		0	246			62	0	0	36	0	0.0	30.71		https://www.who.int/
Rooks_County,_Kansas	Rooks County, Kansas	2020-03-18	2020-03-18T00:00:00.000Z		0											https://govstatus.egov.com/
Ross_County,_Ohio	Ross County, Ohio	2020-03-18	2020-03-18T00:00:00.000Z		0											https://coronavirus.ohio.gov/
Routt_County,_Colorado	Routt County, Colorado	2020-03-18	2020-03-18T00:00:00.000Z		2											https://covid19.colorado.gov/
Royal_Borough_of_Greenwich	Royal Borough of Greenwich	2020-03-18	2020-05-14T13:44:03.000Z		58			12			-2			7.14		https://www.gov.uk/
Royal_Borough_of_Kensington_and_Chelsea	Royal Borough of Kensington and Chelsea	2020-03-18	2020-05-14T13:44:03.000Z		77			8			1			4.86		https://www.gov.uk/
Royal_Borough_of_Kingston_upon_Thames	Royal Borough of Kingston upon Thames	2020-03-18	2020-05-14T13:44:03.000Z		23			2			-4			2.86		https://www.gov.uk/
Rush_County,_Kansas	Rush County, Kansas	2020-03-18	2020-03-18T00:00:00.000Z		0											https://govstatus.egov.com/
Russell_County,_Kansas	Russell County, Kansas	2020-03-18	2020-03-18T00:00:00.000Z		0											https://govstatus.egov.com/
Russia	Russia	2020-03-18		0	147			54	0	0	54	0	0.0	19.57		https://www.who.int/
Rwanda	Rwanda	2020-03-18		0	11			4	0	0	2	0				https://www.who.int/
R%C3%A9union	Réunion	2020-03-18		0	12			3	0		3	0				https://www.who.int/
Sacramento_County,_California	Sacramento County, California	2020-03-18	2020-03-18T00:00:00.000Z	2	40											https://www.saccounty.net/
Saint_Barth%C3%A9lemy	Saint Barthélemy	2020-03-18		0	3			0	0		0	0	0.0	0.29		https://www.who.int/
Saint_Lucia	Saint Lucia	2020-03-18	2020-05-16T11:41:18.000Z	0	2			0	0	0	0	0				https://www.ecdc.europa.eu/
Saint_Vincent_and_the_Grenadines	Saint Vincent and the Grenadines	2020-03-18		0	1			0	0		0	0				https://www.who.int/
Saline_County,_Kansas	Saline County, Kansas	2020-03-18	2020-03-18T00:00:00.000Z		0											https://govstatus.egov.com/
San_Benito_County,_California	San Benito County, California	2020-03-18	2020-03-18T00:00:00.000Z	1	5											https://hhsa.cosb.us/
San_Bernardino_County,_California	San Bernardino County, California	2020-03-18	2020-03-18T00:00:00.000Z	0	3											http://wp.sbcounty.gov/
San_Diego_County,_California	San Diego County, California	2020-03-18	2020-03-18T00:00:00.000Z	0	60											https://www.sandiegocounty.gov/
San_Francisco	San Francisco	2020-03-18	2020-03-18T00:00:00.000Z	0	51											https://www.sfdph.org/
San_Joaquin_County,_California	San Joaquin County, California	2020-03-18	2020-03-18T00:00:00.000Z	0	13											https://www.sjgov.org/
San_Luis_Obispo,_California	San Luis Obispo, California	2020-03-18	2020-03-18T00:00:00.000Z	0	6											https://www.emergencyslo.org/
San_Marino	San Marino	2020-03-18		14	109			5	2	2	3	0	1.57	5.71		https://www.who.int/
San_Mateo_County,_California	San Mateo County, California	2020-03-18	2020-03-18T00:00:00.000Z	1	80											https://www.smchealth.org/
Sandusky_County,_Ohio	Sandusky County, Ohio	2020-03-18	2020-03-18T00:00:00.000Z		0											https://coronavirus.ohio.gov/
Sandwell	Sandwell	2020-03-18	2020-05-14T13:44:03.000Z		29			7			5			3.86		https://www.gov.uk/
Santa_Barbara_County,_California	Santa Barbara County, California	2020-03-18	2020-03-18T00:00:00.000Z	0	2											https://publichealthsbc.org/
Santa_Clara_County,_California	Santa Clara County, California	2020-03-18	2020-03-18T00:00:00.000Z	6	175											https://www.sccgov.org/
Santa_Cruz_County,_California	Santa Cruz County, California	2020-03-18	2020-03-18T00:00:00.000Z	0	13											https://www.santacruzhealth.org/
Sardinia	Sardinia	2020-03-18		2	134	0	1135	17	0	0	7	0	0.29	13.86	0.0	http://www.salute.gov.it/
Saudi_Arabia	Saudi Arabia	2020-03-18		0	238			67	0	0	29	0	0.0	31.0		https://www.who.int/
Scioto_County,_Ohio	Scioto County, Ohio	2020-03-18	2020-03-18T00:00:00.000Z		0											https://coronavirus.ohio.gov/
Scotland	Scotland	2020-03-18	2020-05-14T13:44:03.000Z	2					1			1				https://www.gov.uk/
Scott_County,_Kansas	Scott County, Kansas	2020-03-18	2020-03-18T00:00:00.000Z		0											https://govstatus.egov.com/
Sedgwick_County,_Kansas	Sedgwick County, Kansas	2020-03-18	2020-03-18T00:00:00.000Z		0											https://govstatus.egov.com/
Seneca_County,_Ohio	Seneca County, Ohio	2020-03-18	2020-03-18T00:00:00.000Z		0											https://coronavirus.ohio.gov/
Senegal	Senegal	2020-03-18		0	36			9	0	0	8	0	0.0	4.57		https://www.who.int/
Serbia	Serbia	2020-03-18		0	82			10	0	0	-5	0	0.0	10.0		https://www.who.int/
Seward_County,_Kansas	Seward County, Kansas	2020-03-18	2020-03-18T00:00:00.000Z		0											https://govstatus.egov.com/
Seychelles	Seychelles	2020-03-18		0	6			2	0	0	2	0				https://www.who.int/
Shasta_County,_California	Shasta County, California	2020-03-18	2020-03-18T00:00:00.000Z	0	1											https://www.co.shasta.ca.us/
Shawnee_County,_Kansas	Shawnee County, Kansas	2020-03-18	2020-03-18T00:00:00.000Z		0											https://govstatus.egov.com/
Sheffield	Sheffield	2020-03-18	2020-05-14T13:44:03.000Z		81			18			5			7.88		https://www.gov.uk/
Shelby_County,_Ohio	Shelby County, Ohio	2020-03-18	2020-03-18T00:00:00.000Z		0											https://coronavirus.ohio.gov/
Sheridan_Township,_Sheridan_County,_Kansas	Sheridan Township, Sheridan County, Kansas	2020-03-18	2020-03-18T00:00:00.000Z		0											https://govstatus.egov.com/
Shermanville_Township,_Sherman_County,_Kansas	Shermanville Township, Sherman County, Kansas	2020-03-18	2020-03-18T00:00:00.000Z		0											https://govstatus.egov.com/
Shoshone_County,_Idaho	Shoshone County, Idaho	2020-03-18	2020-03-18T00:00:00.000Z		0											https://coronavirus.idaho.gov/
Shropshire	Shropshire	2020-03-18	2020-05-14T13:44:03.000Z		26			4			-6					https://www.gov.uk/
Sicily	Sicily	2020-03-18		3	282	12	3294	45	0	4	21	-1	0.43	28.43	1.43	http://www.salute.gov.it/
Sierra_County,_California	Sierra County, California	2020-03-18	2020-03-18T00:00:00.000Z	0	0											http://sierracounty.ca.gov/
Singapore	Singapore	2020-03-18		0	313			47	0	0	24	0	0.0	19.29		https://www.who.int/
Sint_Maarten	Sint Maarten	2020-03-18		0	1			0	0		0	0				https://www.who.int/
Siskiyou_County,_California	Siskiyou County, California	2020-03-18	2020-03-18T00:00:00.000Z	0	0											https://www.co.siskiyou.ca.us/
Slough	Slough	2020-03-18	2020-05-14T13:44:03.000Z		38			1			-4			4.0		https://www.gov.uk/
Slovakia	Slovakia	2020-03-18		0	107			10	0	0	-15	0	0.0	13.86		https://www.who.int/
Slovenia	Slovenia	2020-03-18		1	286			11	1	1	-11	1	0.14	32.71		https://www.who.int/
Smith_County,_Kansas	Smith County, Kansas	2020-03-18	2020-03-18T00:00:00.000Z		0											https://govstatus.egov.com/
Solano_County,_California	Solano County, California	2020-03-18	2020-03-18T00:00:00.000Z	0	8											http://www.solanocounty.com/
Somalia	Somalia	2020-03-18	2020-05-16T11:41:18.000Z	0	1			0	0	0	0	0				https://www.ecdc.europa.eu/
Somerset	Somerset	2020-03-18	2020-05-14T13:44:03.000Z		15			1			0			1.17		https://www.gov.uk/
Sonoma_County,_California	Sonoma County, California	2020-03-18	2020-03-18T00:00:00.000Z	0	8											https://socoemergency.org/
South_Africa	South Africa	2020-03-18		0	116			54	0	0	43	0	0.0	15.57		https://www.who.int/
South_Carolina	South Carolina	2020-03-18		1	60			13	0		-1	0				https://www.scdhec.gov/
South_Dakota	South Dakota	2020-03-18		1	11			0	1		-1	1				https://doh.sd.gov/
South_East_England	South East England	2020-03-18	2020-05-14T13:44:03.000Z		685			122			33			73.29		https://www.gov.uk/
South_Gloucestershire	South Gloucestershire	2020-03-18	2020-05-14T13:44:03.000Z		16			2			1			1.5		https://www.gov.uk/
South_Korea	South Korea	2020-03-18	2020-05-16T11:41:18.000Z	86	8413			93	5	5	9	-1	3.71	94.0		https://www.ecdc.europa.eu/
South_Tyneside	South Tyneside	2020-03-18	2020-05-14T13:44:03.000Z		3			1			0					https://www.gov.uk/
South_Tyrol	South Tyrol	2020-03-18		9	376	1	2844	85	1	0	35	-1	1.29	43.0	0.14	http://www.salute.gov.it/
South_West_England	South West England	2020-03-18	2020-05-14T13:44:03.000Z		249			43			22			23.71		https://www.gov.uk/
Southampton	Southampton	2020-03-18	2020-05-14T13:44:03.000Z		11			2			1					https://www.gov.uk/
Spain	Spain	2020-03-18	2020-05-15T10:56:53.000Z	765	21742	1210		4048	182	50	353	161	97.0	2473.14	144.14	https://www.mscbs.gob.es/
Sri_Lanka	Sri Lanka	2020-03-18	2020-05-16T11:41:18.000Z	0	42			13	0	0	3	0	0.0	5.71		https://www.ecdc.europa.eu/
Stafford_County,_Kansas	Stafford County, Kansas	2020-03-18	2020-03-18T00:00:00.000Z		0											https://govstatus.egov.com/
Staffordshire	Staffordshire	2020-03-18	2020-05-14T13:44:03.000Z		51			11			6			6.29		https://www.gov.uk/
Stanislaus_County,_California	Stanislaus County, California	2020-03-18	2020-03-18T00:00:00.000Z	0	5											http://schsa.org/
Stanton_County,_Kansas	Stanton County, Kansas	2020-03-18	2020-03-18T00:00:00.000Z		0											https://govstatus.egov.com/
Stark_County,_Ohio	Stark County, Ohio	2020-03-18	2020-03-18T00:00:00.000Z		3											https://coronavirus.ohio.gov/
State_of_Palestine	State of Palestine	2020-03-18	2020-05-16T11:41:18.000Z	0	41			0	0	0	-2	0	0.0	1.57		https://www.ecdc.europa.eu/
Stevens_County,_Kansas	Stevens County, Kansas	2020-03-18	2020-03-18T00:00:00.000Z		0											https://govstatus.egov.com/
Stoke-on-Trent	Stoke-upon-Trent	2020-03-18	2020-05-14T13:44:03.000Z		5			1			0					https://www.gov.uk/
Strafford_County,_New_Hampshire	Strafford County, New Hampshire	2020-03-18	2020-03-18T00:00:00.000Z		0											https://www.nh.gov/
Sudan	Sudan	2020-03-18	2020-05-16T11:41:18.000Z	1	1			0	0	0	0	0				https://www.ecdc.europa.eu/
Suffolk	Suffolk	2020-03-18	2020-05-14T13:44:03.000Z		25			4			0			3.0		https://www.gov.uk/
Suffolk_County,_Massachusetts	Suffolk County, Massachusetts	2020-03-18	2020-03-18T00:00:00.000Z		51											https://www.mass.gov/
Sullivan_County,_New_Hampshire	Sullivan County, New Hampshire	2020-03-18	2020-03-18T00:00:00.000Z		0											https://www.nh.gov/
Summit_County,_Colorado	Summit County, Colorado	2020-03-18	2020-03-18T00:00:00.000Z		4											https://covid19.colorado.gov/
Summit_County,_Ohio	Summit County, Ohio	2020-03-18	2020-03-18T00:00:00.000Z		4											https://coronavirus.ohio.gov/
Sumner_County,_Kansas	Sumner County, Kansas	2020-03-18	2020-03-18T00:00:00.000Z		0											https://govstatus.egov.com/
Suriname	Suriname	2020-03-18		0	1			0	0		0	0				https://www.who.int/
Surrey	Surrey	2020-03-18	2020-05-14T13:44:03.000Z		126			34			15			15.0		https://www.gov.uk/
Sutter_County,_California	Sutter County, California	2020-03-18	2020-03-18T00:00:00.000Z	0	0											https://www.suttercounty.org/
Sweden	Sweden	2020-03-18		3	1279			112	1	1	4	-3	0.43	116.86		https://www.who.int/
Switzerland	Switzerland	2020-03-18		21	3010			360	5	5	-90	4	2.43	337.86		https://www.who.int/
Taiwan	Taiwan	2020-03-18	2020-05-16T11:41:18.000Z	1	77			10	0	0	2	0	0.0	4.14		https://www.ecdc.europa.eu/
Tameside	Tameside	2020-03-18	2020-05-14T13:44:03.000Z		22			3			0			2.71		https://www.gov.uk/
Tanzania	Tanzania	2020-03-18		0	3			2	0	0	2	0				https://www.who.int/
Tehama_County,_California	Tehama County, California	2020-03-18	2020-03-18T00:00:00.000Z	0	0											https://www.co.tehama.ca.us/
Teton_County,_Idaho	Teton County, Idaho	2020-03-18	2020-03-18T00:00:00.000Z		1											https://coronavirus.idaho.gov/
Texas	Texas	2020-03-18		2	82			19	1		12	0				https://www.dshs.state.tx.us/
Thailand	Thailand	2020-03-18		1	212			35	0	0	5	0	0.0	21.86		https://www.who.int/
The_Bahamas	The Bahamas	2020-03-18		0	3			0	0		-2	0				https://www.who.int/
The_Gambia	The Gambia	2020-03-18	2020-05-16T11:41:18.000Z	0	1				0							https://www.ecdc.europa.eu/
Thomas_County,_Kansas	Thomas County, Kansas	2020-03-18	2020-03-18T00:00:00.000Z		0											https://govstatus.egov.com/
Thurrock	Thurrock	2020-03-18	2020-05-14T13:44:03.000Z		13			5			2					https://www.gov.uk/
Togo	Togo	2020-03-18	2020-05-16T11:41:18.000Z	0	1			0	0	0	0	0	0.0	0.0		https://www.ecdc.europa.eu/
Torbay	Torbay	2020-03-18	2020-05-14T13:44:03.000Z		10			1			0					https://www.gov.uk/
Trafford	Trafford	2020-03-18	2020-05-14T13:44:03.000Z		21			5			4			1.21		https://www.gov.uk/
Trego_County,_Kansas	Trego County, Kansas	2020-03-18	2020-03-18T00:00:00.000Z		0											https://govstatus.egov.com/
Trentino	Trentino	2020-03-18		7	455	12	2187	70	0	2	63	-1	1.0	54.0	1.29	http://www.salute.gov.it/
Trinidad_and_Tobago	Trinidad and Tobago	2020-03-18		0	9			2	0	0	0	0				https://www.who.int/
Trinity_County,_California	Trinity County, California	2020-03-18	2020-03-18T00:00:00.000Z	0	0											https://www.trinitycounty.org/
Trumbull_County,_Ohio	Trumbull County, Ohio	2020-03-18	2020-03-18T00:00:00.000Z		2											https://coronavirus.ohio.gov/
Tulare_County,_California	Tulare County, California	2020-03-18	2020-03-18T00:00:00.000Z	0	3											https://tchhsa.org/
Tunisia	Tunisia	2020-03-18		0	29			5	0	0	1	0	0.0	3.29		https://www.who.int/
Tuolumne_County,_California	Tuolumne County, California	2020-03-18	2020-03-18T00:00:00.000Z	0	0											https://www.tuolumnecounty.ca.gov/
Turkey	Turkey	2020-03-18		2	191			144	0	0	144	0	0.29	27.14		https://www.who.int/
Tuscany	Tuscany	2020-03-18		22	1330	17	7606	277	5	5	90	2	3.0	144.29	1.71	http://www.salute.gov.it/
Tuscarawas_County,_Ohio	Tuscarawas County, Ohio	2020-03-18	2020-03-18T00:00:00.000Z		1											https://coronavirus.ohio.gov/
Twin_Falls_County,_Idaho	Twin Falls County, Idaho	2020-03-18	2020-03-18T00:00:00.000Z		1											https://coronavirus.idaho.gov/
Ukraine	Ukraine	2020-03-18		2	16			2	0	0	-7	0	0.29	2.14		https://www.who.int/
Umbria	Umbria	2020-03-18		2	247	4	1601	50	1	0	17	1	0.29	28.71	0.29	http://www.salute.gov.it/
Union_County,_Ohio	Union County, Ohio	2020-03-18	2020-03-18T00:00:00.000Z		0											https://coronavirus.ohio.gov/
United_Arab_Emirates	United Arab Emirates	2020-03-18	2020-05-16T11:41:18.000Z	0	113			15	0	0	3	0	0.0	6.8		https://www.ecdc.europa.eu/
United_Kingdom	United Kingdom	2020-03-18	2020-05-16T11:41:18.000Z	81	1950			407	16	16	255	-6	10.57	225.29		https://www.ecdc.europa.eu/
United_States	United States	2020-03-18		150	10442			3355	23		42	7	17.43	1345.29		https://www.who.int/
United_States_Virgin_Islands	United States Virgin Islands	2020-03-18		0	3			0	0		-1	0				https://www.who.int/
Uruguay	Uruguay	2020-03-18		0	79			50	0	0	29	0				https://www.who.int/
Uzbekistan	Uzbekistan	2020-03-18	2020-05-16T11:41:18.000Z	0	16			0	0	0	-10	0				https://www.ecdc.europa.eu/
Valencian_Community	Valencian Community	2020-03-18	2020-05-15T10:56:53.000Z	24	921	19		195	2	3	10	-7	3.29	120.71	2.57	https://www.mscbs.gob.es/
Valley_County,_Idaho	Valley County, Idaho	2020-03-18	2020-03-18T00:00:00.000Z		0											https://coronavirus.idaho.gov/
Van_Wert_County,_Ohio	Van Wert County, Ohio	2020-03-18	2020-03-18T00:00:00.000Z		0											https://coronavirus.ohio.gov/
Vatican_City	Vatican City	2020-03-18	2020-05-16T11:41:18.000Z	0	1			0	0	0	0	0	0.0	0.0		https://www.ecdc.europa.eu/
Veneto	Veneto	2020-03-18		94	3214	167	40841	510	14	31	279	3	9.29	313.0	16.14	http://www.salute.gov.it/
Venezuela	Venezuela	2020-03-18		0	36			0	0	0	-3	0				https://www.who.int/
Ventura_County,_California	Ventura County, California	2020-03-18	2020-03-18T00:00:00.000Z	0	10											https://www.vcemergency.com/
Vermont	Vermont	2020-03-18		0	19			5	0		3	0				https://www.healthvermont.gov/
Vietnam	Vietnam	2020-03-18	2020-05-16T11:41:18.000Z	0	68			7	0	0	3	0	0.0	4.29		https://www.ecdc.europa.eu/
Vinton_County,_Ohio	Vinton County, Ohio	2020-03-18	2020-03-18T00:00:00.000Z		0											https://coronavirus.ohio.gov/
Virginia	Virginia	2020-03-18		2	78			11	0		-5	0				http://www.vdh.virginia.gov/
Wabaunsee_County,_Kansas	Wabaunsee County, Kansas	2020-03-18	2020-03-18T00:00:00.000Z		0											https://govstatus.egov.com/
Wales	Wales	2020-03-18	2020-05-14T13:44:03.000Z	1					0			0				https://www.gov.uk/
Wallace_County,_Kansas	Wallace County, Kansas	2020-03-18	2020-03-18T00:00:00.000Z		0											https://govstatus.egov.com/
Walloon_Brabant	Walloon Brabant	2020-03-18	2020-03-18		115			25			7			12.86		https://epistat.wiv-isp.be/Covid/
Ward_County,_North_Dakota	Ward County, North Dakota	2020-03-18	2020-03-18T00:00:00.000Z		2											https://www.health.nd.gov/
Warren_County,_Ohio	Warren County, Ohio	2020-03-18	2020-03-18T00:00:00.000Z		0											https://coronavirus.ohio.gov/
Warwickshire	Warwickshire	2020-03-18	2020-05-14T13:44:03.000Z		50			15			11			5.29		https://www.gov.uk/
Washington,_D.C.	Washington, D.C.	2020-03-18	2020-03-18T00:00:00.000Z		39		203	17			12					https://coronavirus.dc.gov/
Washington_County,_Idaho	Washington County, Idaho	2020-03-18	2020-03-18T00:00:00.000Z		0											https://coronavirus.idaho.gov/
Washington_County,_Kansas	Washington County, Kansas	2020-03-18	2020-03-18T00:00:00.000Z		0											https://govstatus.egov.com/
Washington_County,_Ohio	Washington County, Ohio	2020-03-18	2020-03-18T00:00:00.000Z		0											https://coronavirus.ohio.gov/
Washington_County,_Pennsylvania	Washington County, Pennsylvania	2020-03-18	2020-03-18T16:45:00.000Z		2											https://www.health.pa.gov/
Wayne_County,_Ohio	Wayne County, Ohio	2020-03-18	2020-03-18T00:00:00.000Z		0											https://coronavirus.ohio.gov/
Wayne_County,_Pennsylvania	Wayne County, Pennsylvania	2020-03-18	2020-03-18T16:45:00.000Z		1											https://www.health.pa.gov/
Weld_County,_Colorado	Weld County, Colorado	2020-03-18	2020-03-18T00:00:00.000Z		9											https://covid19.colorado.gov/
West_Berkshire	West Berkshire	2020-03-18	2020-05-14T13:44:03.000Z		10			3			2					https://www.gov.uk/
West_Flanders	West Flanders	2020-03-18	2020-03-18		304			58			2			33.43		https://epistat.wiv-isp.be/Covid/
West_Midlands_(region)	West Midlands (region)	2020-03-18	2020-05-14T13:44:03.000Z		485			98			29			55.57		https://www.gov.uk/
West_Sussex	West Sussex	2020-03-18	2020-05-14T13:44:03.000Z		39			9			0			4.57		https://www.gov.uk/
West_Virginia	West Virginia	2020-03-18			2			1			1					https://dhhr.wv.gov/
Wichita_County,_Kansas	Wichita County, Kansas	2020-03-18	2020-03-18T00:00:00.000Z		0											https://govstatus.egov.com/
Williams_County,_Ohio	Williams County, Ohio	2020-03-18	2020-03-18T00:00:00.000Z		0											https://coronavirus.ohio.gov/
Wilson_County,_Kansas	Wilson County, Kansas	2020-03-18	2020-03-18T00:00:00.000Z		0											https://govstatus.egov.com/
Wiltshire	Wiltshire	2020-03-18	2020-05-14T13:44:03.000Z		22			4			3			1.29		https://www.gov.uk/
Wisconsin	Wisconsin	2020-03-18		0	106			34	0		9	0				https://www.dhs.wisconsin.gov/
Wolverhampton	Wolverhampton	2020-03-18	2020-05-14T13:44:03.000Z		65			6			-9			7.43		https://www.gov.uk/
Wood_County,_Ohio	Wood County, Ohio	2020-03-18	2020-03-18T00:00:00.000Z		0											https://coronavirus.ohio.gov/
Woodson_County,_Kansas	Woodson County, Kansas	2020-03-18	2020-03-18T00:00:00.000Z		0											https://govstatus.egov.com/
Worcester_County,_Massachusetts	Worcester County, Massachusetts	2020-03-18	2020-03-18T00:00:00.000Z		10											https://www.mass.gov/
Worcestershire	Worcestershire	2020-03-18	2020-05-14T13:44:03.000Z		33			5			-1			3.38		https://www.gov.uk/
Wyandot_County,_Ohio	Wyandot County, Ohio	2020-03-18	2020-03-18T00:00:00.000Z		0											https://coronavirus.ohio.gov/
Wyandotte_County,_Kansas	Wyandotte County, Kansas	2020-03-18	2020-03-18T00:00:00.000Z		5											https://govstatus.egov.com/
Yolo_County,_California	Yolo County, California	2020-03-18	2020-03-18T00:00:00.000Z	0	4											https://www.yolocounty.org/
York	York	2020-03-18	2020-05-14T13:44:03.000Z		9			2			0					https://www.gov.uk/
York_County,_Pennsylvania	York County, Pennsylvania	2020-03-18	2020-03-18T16:45:00.000Z		1											https://www.health.pa.gov/
Yorkshire_and_the_Humber	Yorkshire and the Humber	2020-03-18	2020-05-14T13:44:03.000Z		217			46			15			21.86		https://www.gov.uk/
Yuba_County,_California	Yuba County, California	2020-03-18	2020-03-18T00:00:00.000Z	0	0											https://www.yuba.org/
Zambia	Zambia	2020-03-18		0	2											https://www.who.int/
%C3%8Ele-de-France	Île-de-France	2020-03-18		36		129										https://www.santepubliquefrance.fr/
