regionId	label	referenceDate	lastUpdatedDate	totalDeaths	totalConfirmedCases	totalRecoveredCases	totalTestedCases	numPositiveTests	numDeaths	numRecoveredCases	diffNumPositiveTests	diffNumDeaths	avgWeeklyDeaths	avgWeeklyConfirmedCases	avgWeeklyRecoveredCases	dataSource
Abruzzo	Abruzzo	2020-07-12		464	3323	2712	114219				2		0.0	2.0	4.29	http://www.salute.gov.it/
Adygea	Adygea	2020-07-12	2020-07-11T07:35:00.000Z	14	2224	1701		19			0		0.0	18.57	32.86	https://xn--80aesfpebagmfblc0a.xn--p1ai/#
Agder	Agder	2020-07-12	2020-07-11T11:00:00.000Z		348									-0.14		https://www.fhi.no/
Akmola_Region	Akmola Region	2020-07-12		23	1615	1053							1.29	27.86	103.29	https://www.coronavirus2020.kz/
Aktobe_Region	Aktobe Region	2020-07-12		4	2075	821							0.0	52.14	38.29	https://www.coronavirus2020.kz/
Almaty	Almaty	2020-07-12		30	7118	3960							0.57	147.14	239.86	https://www.coronavirus2020.kz/
Almaty_Region	Almaty Region	2020-07-12		4	3048	1562							0.43	68.43	136.0	https://www.coronavirus2020.kz/
Altai_Krai	Altai Krai	2020-07-12	2020-07-11T07:35:00.000Z	50	5589	3800		228			0		0.86	167.86	81.71	https://xn--80aesfpebagmfblc0a.xn--p1ai/#
Altai_Republic	Altai Republic	2020-07-12	2020-07-11T07:35:00.000Z	1	1036	515		43			0		0.0	26.71	21.14	https://xn--80aesfpebagmfblc0a.xn--p1ai/#
Amstetten_District	Amstetten District	2020-07-12	2020-07-11T20:00:00.000Z		308									1.0		https://info.gesundheitsministerium.at/
Amur_Oblast	Amur Oblast	2020-07-12	2020-07-11T07:35:00.000Z	23	2057	1119		38			0		1.0	28.14	27.43	https://xn--80aesfpebagmfblc0a.xn--p1ai/#
Andaman_and_Nicobar_Islands	Andaman and Nicobar Islands	2020-07-12	2020-07-11T08:00:00.000Z	0	156	92							0.0	5.29	3.71	https://www.mohfw.gov.in/
Andhra_Pradesh	Andhra Pradesh	2020-07-12	2020-07-11T08:00:00.000Z	292	25422	13194							10.57	1103.29	740.86	https://www.mohfw.gov.in/
Aosta_Valley	Aosta Valley	2020-07-12		146	1196	1047	19409				0		0.0	0.0	0.29	http://www.salute.gov.it/
Apulia	Apulia	2020-07-12		546	4541	3924	199805				1		0.14	0.71	6.14	http://www.salute.gov.it/
Arkhangelsk_Oblast	Arkhangelsk Oblast	2020-07-12	2020-07-11T07:35:00.000Z	96	6873	4297		114			0		4.0	96.71	144.14	https://xn--80aesfpebagmfblc0a.xn--p1ai/#
Arunachal_Pradesh	Arunachal Pradesh	2020-07-12	2020-07-11T08:00:00.000Z	2	335	120							0.14	10.86	6.29	https://www.mohfw.gov.in/
Assam	Assam	2020-07-12	2020-07-11T08:00:00.000Z	27	14600	9147							1.86	561.71	355.71	https://www.mohfw.gov.in/
Astrakhan_Oblast	Astrakhan Oblast	2020-07-12	2020-07-11T07:35:00.000Z	35	3873	2600		31			0		0.29	31.0	28.71	https://xn--80aesfpebagmfblc0a.xn--p1ai/#
Atyrau_Region	Atyrau Region	2020-07-12		13	7393	4729							1.0	275.29	464.71	https://www.coronavirus2020.kz/
Auckland_Region	Auckland Region	2020-07-12	2020-07-11T01:00:00.000Z		178	178								0.0	0.0	https://www.health.govt.nz/
Austria	Austria	2020-07-12	2020-07-11T20:00:00.000Z	681	18794	16864	691709						0.0	76.29	35.57	https://info.gesundheitsministerium.at/
Auvergne-Rh%C3%B4ne-Alpes	Auvergne-Rhône-Alpes	2020-07-12		1747		7806							0.86		7.29	https://www.santepubliquefrance.fr/
B%E1%BA%AFc_Giang_Province	Bắc Giang Province	2020-07-12		0	4	4							0.0	0.0	0.0	https://ncov.moh.gov.vn/
B%E1%BA%A1c_Li%C3%AAu_Province	Bạc Liêu Province	2020-07-12		0	21	21							0.0	0.0	0.0	https://ncov.moh.gov.vn/
B%E1%BA%AFc_Ninh_Province	Bắc Ninh Province	2020-07-12		0	1	1							0.0	0.0	0.0	https://ncov.moh.gov.vn/
Baden_District,_Austria	Baden District, Austria	2020-07-12	2020-07-11T20:00:00.000Z		201									0.43		https://info.gesundheitsministerium.at/
Bahrain	Bahrain	2020-07-12	2020-07-12T00:00:00.000Z	104	32470	27828	656659	431	0	615	-80	-1	1.0	516.14	552.71	https://www.moh.gov.bh/COVID19
Banteay_Meanchey_Province	Banteay Meanchey Province	2020-07-12	2020-07-12T07:00:00.000Z		5			0			0			0.0		http://www.cdcmoh.gov.kh/
Bashkortostan	Bashkortostan	2020-07-12	2020-07-11T07:35:00.000Z	19	5875	3962		49			0		0.0	40.57	94.43	https://xn--80aesfpebagmfblc0a.xn--p1ai/#
Basilicata	Basilicata	2020-07-12		27	406	374	42254				1		0.0	0.29	0.14	http://www.salute.gov.it/
Battambang_Province	Battambang Province	2020-07-12	2020-07-12T07:00:00.000Z		8			0			0			0.0		http://www.cdcmoh.gov.kh/
Bay_of_Plenty	Bay of Plenty	2020-07-12	2020-07-11T01:00:00.000Z		47	47								0.0	0.0	https://www.health.govt.nz/
Belarus	Belarus	2020-07-12	2020-07-11T03:00:00.000Z	459	64767	54919	1123158						5.14	173.29	578.29	http://stopcovid.belta.by/
Belgorod_Oblast	Belgorod Oblast	2020-07-12	2020-07-11T07:35:00.000Z	42	5085	4520		47			0		0.0	39.86	79.14	https://xn--80aesfpebagmfblc0a.xn--p1ai/#
B%E1%BA%BFn_Tre_Province	Bến Tre Province	2020-07-12		0	1	1							0.0	0.0	0.0	https://ncov.moh.gov.vn/
Bihar	Bihar	2020-07-12	2020-07-11T08:00:00.000Z	119	14575	10109							4.29	410.71	203.29	https://www.mohfw.gov.in/
B%C3%ACnh_Thu%E1%BA%ADn_Province	Bình Thuận Province	2020-07-12		0	9	9							0.0	0.0	0.0	https://ncov.moh.gov.vn/
Bludenz_District	Bludenz District	2020-07-12	2020-07-11T20:00:00.000Z		258									0.0		https://info.gesundheitsministerium.at/
Bourgogne-Franche-Comt%C3%A9	Bourgogne-Franche-Comté	2020-07-12		1057		3943							2.14		7.57	https://www.santepubliquefrance.fr/
Braunau_am_Inn_District	Braunau am Inn District	2020-07-12	2020-07-11T20:00:00.000Z		148									0.71		https://info.gesundheitsministerium.at/
Brittany_(administrative_region)	Brittany (administrative region)	2020-07-12		260		1290							0.0		1.57	https://www.santepubliquefrance.fr/
Bruck_an_der_Leitha_District	Bruck an der Leitha District	2020-07-12	2020-07-11T20:00:00.000Z		124									0.0		https://info.gesundheitsministerium.at/
Bryansk_Oblast	Bryansk Oblast	2020-07-12	2020-07-11T07:35:00.000Z	35	6725	5037		46			0		0.14	35.14	45.86	https://xn--80aesfpebagmfblc0a.xn--p1ai/#
Burgenland	Burgenland	2020-07-12	2020-07-11T20:00:00.000Z	11		338							0.0		0.14	https://info.gesundheitsministerium.at/
Buryatia	Buryatia	2020-07-12	2020-07-11T07:35:00.000Z	25	3341	2473		43			0		0.57	34.43	39.43	https://xn--80aesfpebagmfblc0a.xn--p1ai/#
Calabria	Calabria	2020-07-12		97	1188	1062	104475				2		0.0	0.71	0.29	http://www.salute.gov.it/
Cambodia	Cambodia	2020-07-12	2020-07-12T07:00:00.000Z	0	141	133		0	0	0	0	0	0.0	0.0	0.29	http://www.cdcmoh.gov.kh/
Campania	Campania	2020-07-12		432	4769	4095	301677				7		0.0	7.14	1.29	http://www.salute.gov.it/
C%E1%BA%A7n_Th%C6%A1	Cần Thơ	2020-07-12		0	2	2							0.0	0.0	0.0	https://ncov.moh.gov.vn/
Carinthia	Carinthia	2020-07-12	2020-07-11T20:00:00.000Z	13		413							0.0		1.29	https://info.gesundheitsministerium.at/
Centre-Val_de_Loire	Centre-Val de Loire	2020-07-12		553		1994							0.71		4.29	https://www.santepubliquefrance.fr/
Chandigarh	Chandigarh	2020-07-12	2020-07-11T08:00:00.000Z	7	539	408							0.14	11.29	1.86	https://www.mohfw.gov.in/
Chechnya	Chechnya	2020-07-12	2020-07-11T07:35:00.000Z	26	1821	1240		7			0		0.29	7.0	4.0	https://xn--80aesfpebagmfblc0a.xn--p1ai/#
Chelyabinsk_Oblast	Chelyabinsk Oblast	2020-07-12	2020-07-11T07:35:00.000Z	88	8649	4877		129			0		0.0	112.57	107.86	https://xn--80aesfpebagmfblc0a.xn--p1ai/#
Chhattisgarh	Chhattisgarh	2020-07-12	2020-07-11T08:00:00.000Z	17	3767	3028							0.43	86.57	68.43	https://www.mohfw.gov.in/
Chukotka_Autonomous_Okrug	Chukotka Autonomous Okrug	2020-07-12	2020-07-11T07:35:00.000Z	1	144	137		0			0		0.0	0.71	0.57	https://xn--80aesfpebagmfblc0a.xn--p1ai/#
Chuvashia	Chuvashia	2020-07-12	2020-07-11T07:35:00.000Z	46	5775	3159		57			0		0.86	55.57	21.57	https://xn--80aesfpebagmfblc0a.xn--p1ai/#
Corsica	Corsica	2020-07-12		59		247							0.0		0.14	https://www.santepubliquefrance.fr/
Da_Nang	Da Nang	2020-07-12		0	6	6							0.0	0.0	0.0	https://ncov.moh.gov.vn/
Dagestan	Dagestan	2020-07-12	2020-07-11T07:35:00.000Z	410	8422	6670		48			0		2.71	41.43	78.0	https://xn--80aesfpebagmfblc0a.xn--p1ai/#
Delhi	Delhi	2020-07-12	2020-07-11T08:00:00.000Z	3300	109140	84694							42.29	1705.71	2348.29	https://www.mohfw.gov.in/
Deutschlandsberg_District	Deutschlandsberg District	2020-07-12	2020-07-11T20:00:00.000Z		50									0.0		https://info.gesundheitsministerium.at/
%C4%90%E1%BB%93ng_Nai_Province	Đồng Nai Province	2020-07-12		0	1	1							0.0	0.0	0.0	https://ncov.moh.gov.vn/
%C4%90%E1%BB%93ng_Th%C3%A1p_Province	Đồng Tháp Province	2020-07-12		0	6	6							0.0	0.0	0.14	https://ncov.moh.gov.vn/
Dornbirn_District	Dornbirn District	2020-07-12	2020-07-11T20:00:00.000Z		158									0.0		https://info.gesundheitsministerium.at/
Earth	Earth	2020-07-12	2020-07-11T23:11:36.788Z	559259	12567193								4146.43	173943.29	113255.29	https://github.com/yahoo/covid-19-data/blob/master/data-sources.md
East_Kazakhstan_Region	East Kazakhstan Region	2020-07-12		5	2701	1089							0.14	97.29	106.43	https://www.coronavirus2020.kz/
Eferding_District	Eferding District	2020-07-12	2020-07-11T20:00:00.000Z		69									0.71		https://info.gesundheitsministerium.at/
Eisenstadt	Eisenstadt	2020-07-12	2020-07-11T20:00:00.000Z		19									0.0		https://info.gesundheitsministerium.at/
Emilia-Romagna	Emilia-Romagna	2020-07-12		4269	28869	23481	544888				47		0.14	33.14	20.14	http://www.salute.gov.it/
Feldkirch_District	Feldkirch District	2020-07-12	2020-07-11T20:00:00.000Z		216									0.0		https://info.gesundheitsministerium.at/
Feldkirchen_District	Feldkirchen District	2020-07-12	2020-07-11T20:00:00.000Z		15									0.0		https://info.gesundheitsministerium.at/
France	France	2020-07-12		30004	170752	78388							15.86	541.71	189.71	https://www.santepubliquefrance.fr/
Freistadt_District	Freistadt District	2020-07-12	2020-07-11T20:00:00.000Z		130									0.57		https://info.gesundheitsministerium.at/
Friuli_Venezia_Giulia	Friuli Venezia Giulia	2020-07-12		345	3335	2911	211002				2		0.0	1.29	0.43	http://www.salute.gov.it/
Gmunden_District	Gmunden District	2020-07-12	2020-07-11T20:00:00.000Z		81									0.57		https://info.gesundheitsministerium.at/
Goa	Goa	2020-07-12	2020-07-11T08:00:00.000Z	9	2251	1347							0.43	81.0	74.57	https://www.mohfw.gov.in/
Grand_Est	Grand Est	2020-07-12		3585		12397							0.71		18.29	https://www.santepubliquefrance.fr/
Graz	Graz	2020-07-12	2020-07-11T20:00:00.000Z		528									1.86		https://info.gesundheitsministerium.at/
Grieskirchen_District	Grieskirchen District	2020-07-12	2020-07-11T20:00:00.000Z		87									0.29		https://info.gesundheitsministerium.at/
Gujarat	Gujarat	2020-07-12	2020-07-11T08:00:00.000Z	2022	40069	28147							13.86	679.57	391.57	https://www.mohfw.gov.in/
H%C3%A0_Giang_Province	Hà Giang Province	2020-07-12		0	1	1							0.0	0.0	0.0	https://ncov.moh.gov.vn/
H%C3%A0_Nam_Province	Hà Nam Province	2020-07-12		0	4	4							0.0	0.0	0.0	https://ncov.moh.gov.vn/
H%C3%A0_T%C4%A9nh_Province	Hà Tĩnh Province	2020-07-12		0	4	4							0.0	0.0	0.0	https://ncov.moh.gov.vn/
H%E1%BA%A3i_D%C6%B0%C6%A1ng_Province	Hải Dương Province	2020-07-12		0	4	4							0.0	0.0	0.0	https://ncov.moh.gov.vn/
Hanoi	Hanoi	2020-07-12		0	121	120							0.0	0.0	0.14	https://ncov.moh.gov.vn/
Haryana	Haryana	2020-07-12	2020-07-11T08:00:00.000Z	290	19934	14904							4.29	483.71	378.14	https://www.mohfw.gov.in/
Hauts-de-France	Hauts-de-France	2020-07-12		1875		6616							5.71		35.71	https://www.santepubliquefrance.fr/
Hawke%27s_Bay_Region	Hawke's Bay Region	2020-07-12	2020-07-11T01:00:00.000Z		44	44								0.0	0.0	https://www.health.govt.nz/
Hermagor_District	Hermagor District	2020-07-12	2020-07-11T20:00:00.000Z		5									0.0		https://info.gesundheitsministerium.at/
Himachal_Pradesh	Himachal Pradesh	2020-07-12	2020-07-11T08:00:00.000Z	11	1171	883							0.0	17.86	25.57	https://www.mohfw.gov.in/
Ho_Chi_Minh_City	Ho Chi Minh City	2020-07-12		0	62	62							0.0	0.0	0.29	https://ncov.moh.gov.vn/
Hollabrunn_District	Hollabrunn District	2020-07-12	2020-07-11T20:00:00.000Z		42									0.0		https://info.gesundheitsministerium.at/
Horn_District	Horn District	2020-07-12	2020-07-11T20:00:00.000Z		65									0.14		https://info.gesundheitsministerium.at/
H%C6%B0ng_Y%C3%AAn_Province	Hưng Yên Province	2020-07-12		0	5	5							0.0	0.0	0.0	https://ncov.moh.gov.vn/
%C3%8Ele-de-France	Île-de-France	2020-07-12		7496		28356							5.14		64.57	https://www.santepubliquefrance.fr/
Imst_District	Imst District	2020-07-12	2020-07-11T20:00:00.000Z		296									0.14		https://info.gesundheitsministerium.at/
India	India	2020-07-12	2020-07-11T08:00:00.000Z	22123	820916	515386							407.86	21107.29	15186.14	https://www.mohfw.gov.in/
Ingushetia	Ingushetia	2020-07-12	2020-07-11T07:35:00.000Z	71	3280	2524		27			0		0.29	18.0	4.29	https://xn--80aesfpebagmfblc0a.xn--p1ai/#
Innlandet	Innlandet	2020-07-12	2020-07-11T11:00:00.000Z		516									0.29		https://www.fhi.no/
Innsbruck	Innsbruck	2020-07-12	2020-07-11T20:00:00.000Z		427									1.0		https://info.gesundheitsministerium.at/
Irkutsk_Oblast	Irkutsk Oblast	2020-07-12	2020-07-11T07:35:00.000Z	94	9885	4402		206			0		3.57	197.71	163.57	https://xn--80aesfpebagmfblc0a.xn--p1ai/#
Italy	Italy	2020-07-12		34945	242827	194579	5900552				188		12.0	173.71	353.0	http://www.salute.gov.it/
Ivanovo_Oblast	Ivanovo Oblast	2020-07-12	2020-07-11T07:35:00.000Z	57	5436	3436		65			0		1.14	57.43	45.71	https://xn--80aesfpebagmfblc0a.xn--p1ai/#
Jambyl_Region	Jambyl Region	2020-07-12		3	2039	1137							0.29	52.57	81.43	https://www.coronavirus2020.kz/
Jennersdorf_District	Jennersdorf District	2020-07-12	2020-07-11T20:00:00.000Z		10									0.0		https://info.gesundheitsministerium.at/
Jewish_Autonomous_Oblast	Jewish Autonomous Oblast	2020-07-12	2020-07-11T07:35:00.000Z	6	469	398		7			0		0.0	4.43	5.14	https://xn--80aesfpebagmfblc0a.xn--p1ai/#
Jharkhand	Jharkhand	2020-07-12	2020-07-11T08:00:00.000Z	23	3419	2224							0.86	97.14	27.0	https://www.mohfw.gov.in/
Jordan	Jordan	2020-07-12	2020-07-11T20:06:00.000Z	10	1176	991	460383						0.0	1.71	7.0	https://corona.moh.gov.jo/
Kabardino-Balkaria	Kabardino-Balkaria	2020-07-12	2020-07-11T07:35:00.000Z	61	5520	4677		43			0		0.71	38.43	88.0	https://xn--80aesfpebagmfblc0a.xn--p1ai/#
Kaliningrad_Oblast	Kaliningrad Oblast	2020-07-12	2020-07-11T07:35:00.000Z	41	2605	1809		14			0		0.43	12.0	25.57	https://xn--80aesfpebagmfblc0a.xn--p1ai/#
Kalmykia	Kalmykia	2020-07-12	2020-07-11T07:35:00.000Z	27	2107	1235		34			0		0.29	27.43	17.86	https://xn--80aesfpebagmfblc0a.xn--p1ai/#
Kaluga_Oblast	Kaluga Oblast	2020-07-12	2020-07-11T07:35:00.000Z	51	6559	4642		50			0		0.43	41.0	95.0	https://xn--80aesfpebagmfblc0a.xn--p1ai/#
Kamchatka_Krai	Kamchatka Krai	2020-07-12	2020-07-11T07:35:00.000Z	29	2676	1639		36			0		0.14	36.29	54.71	https://xn--80aesfpebagmfblc0a.xn--p1ai/#
Kampong_Cham_Province	Kampong Cham Province	2020-07-12	2020-07-12T07:00:00.000Z		16			0			0			0.0		http://www.cdcmoh.gov.kh/
Kampong_Chhnang_Province	Kampong Chhnang Province	2020-07-12	2020-07-12T07:00:00.000Z		3			0			0			0.0		http://www.cdcmoh.gov.kh/
Kampot_Province	Kampot Province	2020-07-12	2020-07-12T07:00:00.000Z		2			0			0			0.0		http://www.cdcmoh.gov.kh/
Kandal_Province	Kandal Province	2020-07-12	2020-07-12T07:00:00.000Z		2			0			0			0.0		http://www.cdcmoh.gov.kh/
Karachay-Cherkessia	Karachay-Cherkessia	2020-07-12	2020-07-11T07:35:00.000Z	15	4017	2341		29			0		0.0	28.57	69.71	https://xn--80aesfpebagmfblc0a.xn--p1ai/#
Karaganda_Region	Karaganda Region	2020-07-12		38	5910	3822							3.43	106.86	320.0	https://www.coronavirus2020.kz/
Karnataka	Karnataka	2020-07-12	2020-07-11T08:00:00.000Z	543	33418	13836							29.71	1695.57	656.0	https://www.mohfw.gov.in/
Kazakhstan	Kazakhstan	2020-07-12		332	56455	32500							12.86	1326.29	2377.14	https://www.who.int/
Kemerovo_Oblast	Kemerovo Oblast	2020-07-12	2020-07-11T07:35:00.000Z	12	2354	1111		74			0		0.29	58.57	32.43	https://xn--80aesfpebagmfblc0a.xn--p1ai/#
Kep_Province	Kep Province	2020-07-12	2020-07-12T07:00:00.000Z		4			0			0			0.0		http://www.cdcmoh.gov.kh/
Kerala	Kerala	2020-07-12	2020-07-11T08:00:00.000Z	27	6950	3820							0.29	249.43	110.29	https://www.mohfw.gov.in/
Khabarovsk_Krai	Khabarovsk Krai	2020-07-12	2020-07-11T07:35:00.000Z	37	5217	2628		103			0		1.0	81.86	57.14	https://xn--80aesfpebagmfblc0a.xn--p1ai/#
Khakassia	Khakassia	2020-07-12	2020-07-11T07:35:00.000Z	19	2285	1737		49			0		0.29	32.86	49.71	https://xn--80aesfpebagmfblc0a.xn--p1ai/#
Kh%C3%A1nh_H%C3%B2a_Province	Khánh Hòa Province	2020-07-12		0	1	1							0.0	0.0	0.0	https://ncov.moh.gov.vn/
Khanty-Mansi_Autonomous_Okrug	Khanty-Mansi Autonomous Okrug	2020-07-12	2020-07-11T07:35:00.000Z	89	11937	6671		268			0		2.86	233.71	192.14	https://xn--80aesfpebagmfblc0a.xn--p1ai/#
Kirchdorf_an_der_Krems_District	Kirchdorf an der Krems District	2020-07-12	2020-07-11T20:00:00.000Z		56									0.29		https://info.gesundheitsministerium.at/
Kirov_Oblast	Kirov Oblast	2020-07-12	2020-07-11T07:35:00.000Z	43	3727	3297		58			0		0.14	46.14	54.43	https://xn--80aesfpebagmfblc0a.xn--p1ai/#
Klagenfurt	Klagenfurt	2020-07-12	2020-07-11T20:00:00.000Z		100									0.86		https://info.gesundheitsministerium.at/
Koh_Kong_Province	Koh Kong Province	2020-07-12	2020-07-12T07:00:00.000Z		2			0			0			0.0		http://www.cdcmoh.gov.kh/
Komi_Republic	Komi Republic	2020-07-12	2020-07-11T07:35:00.000Z	35	4179	2288		72			0		0.0	69.14	45.14	https://xn--80aesfpebagmfblc0a.xn--p1ai/#
Korneuburg_District	Korneuburg District	2020-07-12	2020-07-11T20:00:00.000Z		185									0.57		https://info.gesundheitsministerium.at/
Kostanay_Region	Kostanay Region	2020-07-12		3	1500	733							0.0	59.86	56.86	https://www.coronavirus2020.kz/
Kostroma_Oblast	Kostroma Oblast	2020-07-12	2020-07-11T07:35:00.000Z	23	1825	1197		11			0		0.29	21.29	20.86	https://xn--80aesfpebagmfblc0a.xn--p1ai/#
Krasnodar_Krai	Krasnodar Krai	2020-07-12	2020-07-11T07:35:00.000Z	85	6654	5668		65			0		0.43	53.43	93.43	https://xn--80aesfpebagmfblc0a.xn--p1ai/#
Krasnoyarsk_Krai	Krasnoyarsk Krai	2020-07-12	2020-07-11T07:35:00.000Z	225	10369	6525		134			0		8.71	112.0	215.43	https://xn--80aesfpebagmfblc0a.xn--p1ai/#
Krems_an_der_Donau	Krems an der Donau	2020-07-12	2020-07-11T20:00:00.000Z		41									0.0		https://info.gesundheitsministerium.at/
Kufstein_District	Kufstein District	2020-07-12	2020-07-11T20:00:00.000Z		529									0.29		https://info.gesundheitsministerium.at/
Kurgan_Oblast	Kurgan Oblast	2020-07-12	2020-07-11T07:35:00.000Z	2	1303	635		63			0		0.14	50.86	15.29	https://xn--80aesfpebagmfblc0a.xn--p1ai/#
Kursk_Oblast	Kursk Oblast	2020-07-12	2020-07-11T07:35:00.000Z	45	5600	3791		40			0		0.86	37.14	52.43	https://xn--80aesfpebagmfblc0a.xn--p1ai/#
Kuwait	Kuwait	2020-07-12		386	54058	43961							2.57	588.14	499.71	https://corona.e.gov.kw/
Kyzylorda_Region	Kyzylorda Region	2020-07-12		3	1639	1117							0.14	32.86	26.86	https://www.coronavirus2020.kz/
Ladakh	Ladakh	2020-07-12	2020-07-11T08:00:00.000Z	1	1064	917							0.0	8.43	13.0	https://www.mohfw.gov.in/
Lai_Ch%C3%A2u_Province	Lai Châu Province	2020-07-12		0	1	1							0.0	0.0	0.0	https://ncov.moh.gov.vn/
Landeck_District	Landeck District	2020-07-12	2020-07-11T20:00:00.000Z		998									0.14		https://info.gesundheitsministerium.at/
L%C3%A0o_Cai_Province	Lào Cai Province	2020-07-12		0	2	2							0.0	0.0	0.0	https://ncov.moh.gov.vn/
Lazio	Lazio	2020-07-12		844	8294	6535	364876				19		0.43	15.43	7.29	http://www.salute.gov.it/
Lebanon	Lebanon	2020-07-12	2020-07-11T18:21:00.000Z	36	2168	1402	171444						0.0	42.14	13.0	https://corona.ministryinfo.gov.lb/
Leibnitz_District	Leibnitz District	2020-07-12	2020-07-11T20:00:00.000Z		187									0.14		https://info.gesundheitsministerium.at/
Leningrad_Oblast	Leningrad Oblast	2020-07-12	2020-07-11T07:35:00.000Z	37	4989	4244		47			0		0.43	43.0	6.0	https://xn--80aesfpebagmfblc0a.xn--p1ai/#
Leoben_District	Leoben District	2020-07-12	2020-07-11T20:00:00.000Z		27									0.29		https://info.gesundheitsministerium.at/
Lienz_District	Lienz District	2020-07-12	2020-07-11T20:00:00.000Z		154									0.0		https://info.gesundheitsministerium.at/
Liezen_District	Liezen District	2020-07-12	2020-07-11T20:00:00.000Z		90									0.14		https://info.gesundheitsministerium.at/
Liguria	Liguria	2020-07-12		1559	10031	8219	161991				6		0.14	4.57	9.57	http://www.salute.gov.it/
Lilienfeld_District	Lilienfeld District	2020-07-12	2020-07-11T20:00:00.000Z		53									0.0		https://info.gesundheitsministerium.at/
Linz	Linz	2020-07-12	2020-07-11T20:00:00.000Z		504									8.57		https://info.gesundheitsministerium.at/
Lipetsk_Oblast	Lipetsk Oblast	2020-07-12	2020-07-11T07:35:00.000Z	19	4158	2847		33			0		0.14	28.57	40.86	https://xn--80aesfpebagmfblc0a.xn--p1ai/#
Lithuania	Lithuania	2020-07-12	2020-07-11T20:01:00.000Z	79	1865	1579	459404						0.0	4.14	4.86	https://koronastop.lrv.lt
Lombardy	Lombardy	2020-07-12		16740	94972	70020	1133387				67		6.14	79.43	249.43	http://www.salute.gov.it/
Lower_Austria	Lower Austria	2020-07-12	2020-07-11T20:00:00.000Z	106		2866							0.0		6.71	https://info.gesundheitsministerium.at/
Madhya_Pradesh	Madhya Pradesh	2020-07-12	2020-07-11T08:00:00.000Z	638	16657	12481							5.71	293.29	178.14	https://www.mohfw.gov.in/
Magadan_Oblast	Magadan Oblast	2020-07-12	2020-07-11T07:35:00.000Z	4	1014	586		13			0		0.0	12.29	10.14	https://xn--80aesfpebagmfblc0a.xn--p1ai/#
Maharashtra	Maharashtra	2020-07-12	2020-07-11T08:00:00.000Z	9893	238461	132625							174.57	5485.29	3506.14	https://www.mohfw.gov.in/
Malaysia	Malaysia	2020-07-12	2020-07-11T09:00:00.000Z	122	8704	8515							0.14	5.86	7.14	http://www.moh.gov.my/
Mangystau_Region	Mangystau Region	2020-07-12		8	1870	1183							0.71	59.57	106.57	https://www.coronavirus2020.kz/
Manipur	Manipur	2020-07-12	2020-07-11T08:00:00.000Z	0	1582	832							0.0	36.71	23.57	https://www.mohfw.gov.in/
Marche	Marche	2020-07-12		987	6803	5647	148103				4		0.0	1.86	5.43	http://www.salute.gov.it/
Mari_El	Mari El	2020-07-12	2020-07-11T07:35:00.000Z	26	3268	2891		27			0		0.29	24.0	5.43	https://xn--80aesfpebagmfblc0a.xn--p1ai/#
Mattersburg_District	Mattersburg District	2020-07-12	2020-07-11T20:00:00.000Z		58									0.0		https://info.gesundheitsministerium.at/
Mauritius	Mauritius	2020-07-12	2020-07-05T20:00:00.000Z	10	342	330							0.0	0.14	0.0	http://www.covid19.mu/
Meghalaya	Meghalaya	2020-07-12	2020-07-11T08:00:00.000Z	2	207	66							0.14	20.71	3.29	https://www.mohfw.gov.in/
Melk_District	Melk District	2020-07-12	2020-07-11T20:00:00.000Z		176									0.14		https://info.gesundheitsministerium.at/
Mistelbach_District	Mistelbach District	2020-07-12	2020-07-11T20:00:00.000Z		146									-0.14		https://info.gesundheitsministerium.at/
Mizoram	Mizoram	2020-07-12	2020-07-11T08:00:00.000Z	0	226	143							0.0	8.86	1.86	https://www.mohfw.gov.in/
Molise	Molise	2020-07-12		23	445	410	24446				0		0.0	0.0	1.29	http://www.salute.gov.it/
Mordovia	Mordovia	2020-07-12	2020-07-11T07:35:00.000Z	28	3792	2708		37			0		0.14	30.71	42.86	https://xn--80aesfpebagmfblc0a.xn--p1ai/#
Moscow	Moscow	2020-07-12	2020-07-11T07:35:00.000Z	4116	228678	164095		678			0		23.29	545.43	1010.71	https://xn--80aesfpebagmfblc0a.xn--p1ai/#
Moscow_Oblast	Moscow Oblast	2020-07-12	2020-07-11T07:35:00.000Z	996	60295	40625		188			0		7.0	177.43	325.29	https://xn--80aesfpebagmfblc0a.xn--p1ai/#
Murau_District	Murau District	2020-07-12	2020-07-11T20:00:00.000Z		7									0.0		https://info.gesundheitsministerium.at/
Murmansk_Oblast	Murmansk Oblast	2020-07-12	2020-07-11T07:35:00.000Z	28	6866	3948		181			0		1.0	137.57	34.86	https://xn--80aesfpebagmfblc0a.xn--p1ai/#
Murtal_District	Murtal District	2020-07-12	2020-07-11T20:00:00.000Z		32									0.0		https://info.gesundheitsministerium.at/
Nagaland	Nagaland	2020-07-12	2020-07-11T08:00:00.000Z	0	732	304							0.0	24.14	10.86	https://www.mohfw.gov.in/
Nenets_Autonomous_Okrug	Nenets Autonomous Okrug	2020-07-12	2020-07-11T07:35:00.000Z	0	190	43		0			0		0.0	5.43	0.43	https://xn--80aesfpebagmfblc0a.xn--p1ai/#
Neunkirchen_District,_Austria	Neunkirchen District, Austria	2020-07-12	2020-07-11T20:00:00.000Z		225									0.29		https://info.gesundheitsministerium.at/
Neusiedl_am_See_District	Neusiedl am See District	2020-07-12	2020-07-11T20:00:00.000Z		59									0.14		https://info.gesundheitsministerium.at/
New_Zealand	New Zealand	2020-07-12	2020-07-11T01:00:00.000Z	22	1543	1497	426776						0.0	1.43	1.0	https://www.health.govt.nz/
Ninh_B%C3%ACnh_Province	Ninh Bình Province	2020-07-12		0	13	13							0.0	0.0	0.0	https://ncov.moh.gov.vn/
Ninh_Thu%E1%BA%ADn_Province	Ninh Thuận Province	2020-07-12		0	2	2							0.0	0.0	0.0	https://ncov.moh.gov.vn/
Nizhny_Novgorod_Oblast	Nizhny Novgorod Oblast	2020-07-12	2020-07-11T07:35:00.000Z	288	19907	14087		223			0		3.57	184.71	275.71	https://xn--80aesfpebagmfblc0a.xn--p1ai/#
Nordland	Nordland	2020-07-12	2020-07-11T11:00:00.000Z		128									0.29		https://www.fhi.no/
Normandy	Normandy	2020-07-12		435		1696							0.14		3.86	https://www.santepubliquefrance.fr/
North_Kazakhstan_Region	North Kazakhstan Region	2020-07-12		6	1588	725							0.57	29.43	39.0	https://www.coronavirus2020.kz/
Northland_Region	Northland Region	2020-07-12	2020-07-11T01:00:00.000Z		28	28								0.0	0.0	https://www.health.govt.nz/
Norway	Norway	2020-07-12	2020-07-11T11:00:00.000Z	252	8965		372389						0.14	10.0		https://www.fhi.no/
Nouvelle-Aquitaine	Nouvelle-Aquitaine	2020-07-12		422		2203							0.14		1.86	https://www.santepubliquefrance.fr/
Novgorod_Oblast	Novgorod Oblast	2020-07-12	2020-07-11T07:35:00.000Z	46	3337	1493		41			0		2.57	33.14	75.43	https://xn--80aesfpebagmfblc0a.xn--p1ai/#
Novosibirsk_Oblast	Novosibirsk Oblast	2020-07-12	2020-07-11T07:35:00.000Z	137	7153	5083		110			0		3.57	92.57	144.57	https://xn--80aesfpebagmfblc0a.xn--p1ai/#
Nur-Sultan	Nur-Sultan	2020-07-12		63	6477	3675							0.29	97.57	66.86	https://www.coronavirus2020.kz/
Oberpullendorf_District	Oberpullendorf District	2020-07-12	2020-07-11T20:00:00.000Z		26									0.0		https://info.gesundheitsministerium.at/
Oberwart_District	Oberwart District	2020-07-12	2020-07-11T20:00:00.000Z		144									0.57		https://info.gesundheitsministerium.at/
Occitanie	Occitanie	2020-07-12		513		2915							0.14		2.57	https://www.santepubliquefrance.fr/
Odisha	Odisha	2020-07-12	2020-07-11T08:00:00.000Z	56	11956	7972							3.14	479.29	291.14	https://www.mohfw.gov.in/
Omsk_Oblast	Omsk Oblast	2020-07-12	2020-07-11T07:35:00.000Z	40	4563	2626		94			0		1.0	75.29	64.71	https://xn--80aesfpebagmfblc0a.xn--p1ai/#
Orenburg_Oblast	Orenburg Oblast	2020-07-12	2020-07-11T07:35:00.000Z	28	4708	3485		98			0		0.86	76.86	59.0	https://xn--80aesfpebagmfblc0a.xn--p1ai/#
Oryol_Oblast	Oryol Oblast	2020-07-12	2020-07-11T07:35:00.000Z	75	4974	3586		44			0		0.29	41.43	62.29	https://xn--80aesfpebagmfblc0a.xn--p1ai/#
Oslo	Oslo	2020-07-12	2020-07-11T11:00:00.000Z		2893									2.57		https://www.fhi.no/
Pavlodar_Region	Pavlodar Region	2020-07-12		14	1675	875							0.14	45.71	56.86	https://www.coronavirus2020.kz/
Pays_de_la_Loire	Pays de la Loire	2020-07-12		470		2114							0.14		2.57	https://www.santepubliquefrance.fr/
Penza_Oblast	Penza Oblast	2020-07-12	2020-07-11T07:35:00.000Z	63	5699	5143		36			0		2.14	50.29	31.14	https://xn--80aesfpebagmfblc0a.xn--p1ai/#
Perg_District	Perg District	2020-07-12	2020-07-11T20:00:00.000Z		309									3.14		https://info.gesundheitsministerium.at/
Perm_Krai	Perm Krai	2020-07-12	2020-07-11T07:35:00.000Z	95	4342	3326		60			0		2.14	54.0	55.86	https://xn--80aesfpebagmfblc0a.xn--p1ai/#
Phnom_Penh	Phnom Penh	2020-07-12	2020-07-12T07:00:00.000Z		46			0			0			0.0		http://www.cdcmoh.gov.kh/
Piedmont	Piedmont	2020-07-12		4111	31494	26314	447166				9		1.29	10.14	30.0	http://www.salute.gov.it/
Preah_Vihear_Province	Preah Vihear Province	2020-07-12	2020-07-12T07:00:00.000Z		2			0			0			0.0		http://www.cdcmoh.gov.kh/
Primorsky_Krai	Primorsky Krai	2020-07-12	2020-07-11T07:35:00.000Z	58	5010	3648		51			0		1.0	49.0	81.57	https://xn--80aesfpebagmfblc0a.xn--p1ai/#
Provence-Alpes-C%C3%B4te_d%27Azur	Provence-Alpes-Côte d'Azur	2020-07-12		952		5514							0.0		4.0	https://www.santepubliquefrance.fr/
Pskov_Oblast	Pskov Oblast	2020-07-12	2020-07-11T07:35:00.000Z	34	3198	1845		26			0		1.14	25.71	71.0	https://xn--80aesfpebagmfblc0a.xn--p1ai/#
Puducherry	Puducherry	2020-07-12	2020-07-11T08:00:00.000Z	17	1272	637							0.71	67.14	43.71	https://www.mohfw.gov.in/
Punjab,_India	Punjab, India	2020-07-12	2020-07-11T08:00:00.000Z	187	7357	5017							3.57	178.29	101.57	https://www.mohfw.gov.in/
Qatar	Qatar	2020-07-12	2020-07-10T21:00:00.000Z	146	103128	98934	409199	498			0		2.57	475.57	950.0	https://www.moph.gov.qa/
Qu%E1%BA%A3ng_Nam_Province	Quảng Nam Province	2020-07-12		0	5	3							0.0	0.0	0.0	https://ncov.moh.gov.vn/
Qu%E1%BA%A3ng_Ninh_Province	Quảng Ninh Province	2020-07-12		0	9	9							0.0	0.0	0.0	https://ncov.moh.gov.vn/
Rajasthan	Rajasthan	2020-07-12	2020-07-11T08:00:00.000Z	497	23174	17620							7.14	520.29	282.86	https://www.mohfw.gov.in/
Republic_of_Karelia	Republic of Karelia	2020-07-12	2020-07-11T07:35:00.000Z	3	1684	829		28			0		0.0	26.43	21.86	https://xn--80aesfpebagmfblc0a.xn--p1ai/#
Reutte_District	Reutte District	2020-07-12	2020-07-11T20:00:00.000Z		57									0.0		https://info.gesundheitsministerium.at/
Rogaland	Rogaland	2020-07-12	2020-07-11T11:00:00.000Z		444									0.14		https://www.fhi.no/
Rohrbach_District	Rohrbach District	2020-07-12	2020-07-11T20:00:00.000Z		159									0.57		https://info.gesundheitsministerium.at/
Rostov_Oblast	Rostov Oblast	2020-07-12	2020-07-11T07:35:00.000Z	161	10628	7954		95			0		3.14	79.0	161.57	https://xn--80aesfpebagmfblc0a.xn--p1ai/#
Russia	Russia	2020-07-12	2020-07-11T07:35:00.000Z	11205	720547	497446	22700000	6611	188	8378	0	0	149.14	5613.71	6670.86	https://xn--80aesfpebagmfblc0a.xn--p1ai/#
Ryazan_Oblast	Ryazan Oblast	2020-07-12	2020-07-11T07:35:00.000Z	21	5621	4510		36			0		0.14	32.43	85.0	https://xn--80aesfpebagmfblc0a.xn--p1ai/#
Saint_Petersburg	Saint Petersburg	2020-07-12	2020-07-11T07:35:00.000Z	1583	27277	21071		296			0		34.0	248.71	153.86	https://xn--80aesfpebagmfblc0a.xn--p1ai/#
Sakhalin_Oblast	Sakhalin Oblast	2020-07-12	2020-07-11T07:35:00.000Z	0	1307	510		67			0		0.0	50.57	21.43	https://xn--80aesfpebagmfblc0a.xn--p1ai/#
Salzburg	Salzburg	2020-07-12	2020-07-11T20:00:00.000Z		163									1.86		https://info.gesundheitsministerium.at/
Salzburg_(state)	Salzburg (state)	2020-07-12	2020-07-11T20:00:00.000Z	37		1217							0.0		0.86	https://info.gesundheitsministerium.at/
Samara_Oblast	Samara Oblast	2020-07-12	2020-07-11T07:35:00.000Z	63	5804	3562		83			0		0.71	77.14	65.86	https://xn--80aesfpebagmfblc0a.xn--p1ai/#
Sankt_Veit_an_der_Glan_District	Sankt Veit an der Glan District	2020-07-12	2020-07-11T20:00:00.000Z		53									0.14		https://info.gesundheitsministerium.at/
Saratov_Oblast	Saratov Oblast	2020-07-12	2020-07-11T07:35:00.000Z	47	7508	4220		91			0		0.29	81.0	65.86	https://xn--80aesfpebagmfblc0a.xn--p1ai/#
Sardinia	Sardinia	2020-07-12		134	1372	1229	92286				0		0.14	0.29	0.57	http://www.salute.gov.it/
Scheibbs_District	Scheibbs District	2020-07-12	2020-07-11T20:00:00.000Z		104									0.14		https://info.gesundheitsministerium.at/
Schwaz_District	Schwaz District	2020-07-12	2020-07-11T20:00:00.000Z		357									0.29		https://info.gesundheitsministerium.at/
Shymkent	Shymkent	2020-07-12		19	3849	2181							0.57	54.0	209.29	https://www.coronavirus2020.kz/
Sicily	Sicily	2020-07-12		283	3099	2693	233658				1		0.14	0.71	2.71	http://www.salute.gov.it/
Siem_Reap_Province	Siem Reap Province	2020-07-12	2020-07-12T07:00:00.000Z		7			0			0			0.0		http://www.cdcmoh.gov.kh/
Singapore	Singapore	2020-07-12	2020-07-11T04:00:00.000Z	26	45783	42026	866414						0.0	159.86	272.71	https://www.moh.gov.sg/covid-19
Smolensk_Oblast	Smolensk Oblast	2020-07-12	2020-07-11T07:35:00.000Z	75	5028	2914		42			0		1.0	35.14	43.71	https://xn--80aesfpebagmfblc0a.xn--p1ai/#
South_Tyrol	South Tyrol	2020-07-12		292	2661	2287	90420				3		0.0	2.0	2.43	http://www.salute.gov.it/
Spittal_an_der_Drau_District	Spittal an der Drau District	2020-07-12	2020-07-11T20:00:00.000Z		45									0.0		https://info.gesundheitsministerium.at/
Sri_Lanka	Sri Lanka	2020-07-12	2020-07-11T12:45:00.000Z	11	2459	1980							0.0	55.0	11.0	https://hpb.health.gov.lk/
Stavropol_Krai	Stavropol Krai	2020-07-12	2020-07-11T07:35:00.000Z	116	6054	3959		79			0		1.86	69.29	42.86	https://xn--80aesfpebagmfblc0a.xn--p1ai/#
Steyr	Steyr	2020-07-12	2020-07-11T20:00:00.000Z		76									1.71		https://info.gesundheitsministerium.at/
Styria	Styria	2020-07-12	2020-07-11T20:00:00.000Z	141		1698							0.0		1.43	https://info.gesundheitsministerium.at/
Sverdlovsk_Oblast	Sverdlovsk Oblast	2020-07-12	2020-07-11T07:35:00.000Z	156	15623	9828		280			0		4.57	227.14	212.29	https://xn--80aesfpebagmfblc0a.xn--p1ai/#
Tambov_Oblast	Tambov Oblast	2020-07-12	2020-07-11T07:35:00.000Z	19	5199	3681		42			0		0.0	36.43	68.71	https://xn--80aesfpebagmfblc0a.xn--p1ai/#
Tamil_Nadu	Tamil Nadu	2020-07-12	2020-07-11T08:00:00.000Z	1829	130261	82324							54.14	3322.86	3104.57	https://www.mohfw.gov.in/
Taranaki	Taranaki	2020-07-12	2020-07-11T01:00:00.000Z		16	16								0.0	0.0	https://www.health.govt.nz/
Tatarstan	Tatarstan	2020-07-12	2020-07-11T07:35:00.000Z	15	4964	3912		35			0		0.29	30.71	21.14	https://xn--80aesfpebagmfblc0a.xn--p1ai/#
T%C3%A2y_Ninh_Province	Tây Ninh Province	2020-07-12		0	4	4							0.0	0.0	0.0	https://ncov.moh.gov.vn/
Tboung_Khmum_Province	Tboung Khmum Province	2020-07-12	2020-07-12T07:00:00.000Z		4			0			0			0.0		http://www.cdcmoh.gov.kh/
Th%C3%A1i_B%C3%ACnh_Province	Thái Bình Province	2020-07-12		0	30	30							0.0	0.0	0.0	https://ncov.moh.gov.vn/
Th%C3%A1i_Nguy%C3%AAn_Province	Thái Nguyên Province	2020-07-12		0	1	1							0.0	0.0	0.0	https://ncov.moh.gov.vn/
Thanh_H%C3%B3a_Province	Thanh Hóa Province	2020-07-12		0	17	3							0.0	2.0	0.0	https://ncov.moh.gov.vn/
Th%E1%BB%ABa_Thi%C3%AAn-Hu%E1%BA%BF_Province	Thừa Thiên-Huế Province	2020-07-12		0	2	2							0.0	0.0	0.0	https://ncov.moh.gov.vn/
Tomsk_Oblast	Tomsk Oblast	2020-07-12	2020-07-11T07:35:00.000Z	23	2915	1641		69			0		0.43	51.14	41.57	https://xn--80aesfpebagmfblc0a.xn--p1ai/#
Tr%C3%A0_Vinh_Province	Trà Vinh Province	2020-07-12		0	2	2							0.0	0.0	0.0	https://ncov.moh.gov.vn/
Trentino	Trentino	2020-07-12		405	4881	4448	132803				2		0.0	1.14	3.14	http://www.salute.gov.it/
Tripura	Tripura	2020-07-12	2020-07-11T08:00:00.000Z	1	1918	1372							0.0	53.14	24.29	https://www.mohfw.gov.in/
Troms_og_Finnmark	Troms og Finnmark	2020-07-12	2020-07-11T11:00:00.000Z		257									0.57		https://www.fhi.no/
Tula_Oblast	Tula Oblast	2020-07-12	2020-07-11T07:35:00.000Z	150	7439	6120		63			0		3.57	56.14	30.57	https://xn--80aesfpebagmfblc0a.xn--p1ai/#
Tulln_District	Tulln District	2020-07-12	2020-07-11T20:00:00.000Z		186									0.29		https://info.gesundheitsministerium.at/
Turkey	Turkey	2020-07-12		5344	211981	193217	3930223						17.0	889.0	1791.0	https://covid19.saglik.gov.tr/
Turkistan_Region	Turkistan Region	2020-07-12		11	2164	832							0.29	33.71	59.57	https://www.coronavirus2020.kz/
Tuscany	Tuscany	2020-07-12		1122	10321	8869	368488				5		1.14	5.14	4.0	http://www.salute.gov.it/
Tuva	Tuva	2020-07-12	2020-07-11T07:35:00.000Z	32	5365	2028		40			0		4.0	51.0	43.86	https://xn--80aesfpebagmfblc0a.xn--p1ai/#
Tver_Oblast	Tver Oblast	2020-07-12	2020-07-11T07:35:00.000Z	97	4033	3295		32			0		2.43	28.29	64.71	https://xn--80aesfpebagmfblc0a.xn--p1ai/#
Tyrol_(state)	Tyrol (state)	2020-07-12	2020-07-11T20:00:00.000Z	101		3449							0.0		0.29	https://info.gesundheitsministerium.at/
Tyumen_Oblast	Tyumen Oblast	2020-07-12	2020-07-11T07:35:00.000Z	19	3952	2432		82			0		0.14	67.43	45.86	https://xn--80aesfpebagmfblc0a.xn--p1ai/#
Udmurtia	Udmurtia	2020-07-12	2020-07-11T07:35:00.000Z	19	1701	1358		49			0		0.29	26.0	31.29	https://xn--80aesfpebagmfblc0a.xn--p1ai/#
Ulyanovsk_Oblast	Ulyanovsk Oblast	2020-07-12	2020-07-11T07:35:00.000Z	52	6944	4252		108			0		0.57	90.86	107.29	https://xn--80aesfpebagmfblc0a.xn--p1ai/#
Umbria	Umbria	2020-07-12		80	1448	1360	105383				0		0.0	0.14	0.29	http://www.salute.gov.it/
United_Arab_Emirates	United Arab Emirates	2020-07-12		331	54453	44648							1.14	416.14	621.57	https://covid19.ncema.gov.ae/
Upper_Austria	Upper Austria	2020-07-12	2020-07-11T20:00:00.000Z	58		2345							0.0		8.57	https://info.gesundheitsministerium.at/
Uttar_Pradesh	Uttar Pradesh	2020-07-12	2020-07-11T08:00:00.000Z	889	33700	21787							16.57	1020.86	519.0	https://www.mohfw.gov.in/
Uttarakhand	Uttarakhand	2020-07-12	2020-07-11T08:00:00.000Z	46	3373	2706							0.57	40.0	29.14	https://www.mohfw.gov.in/
Veneto	Veneto	2020-07-12		2039	19379	16942	1059816				10		2.29	7.57	3.86	http://www.salute.gov.it/
Vestfold_og_Telemark	Vestfold og Telemark	2020-07-12	2020-07-11T11:00:00.000Z		301									0.71		https://www.fhi.no/
Vestland	Vestland	2020-07-12	2020-07-11T11:00:00.000Z		893									0.0		https://www.fhi.no/
Vienna	Vienna	2020-07-12	2020-07-11T20:00:00.000Z	196		3643							0.0		15.71	https://info.gesundheitsministerium.at/
Vietnam	Vietnam	2020-07-12		0	370	350							0.0	2.14	1.43	https://ncov.moh.gov.vn/
Viken_(county)	Viken (county)	2020-07-12	2020-07-11T11:00:00.000Z		2484									4.29		https://www.fhi.no/
Villach	Villach	2020-07-12	2020-07-11T20:00:00.000Z		23									0.0		https://info.gesundheitsministerium.at/
V%C4%A9nh_Ph%C3%BAc_Province	Vĩnh Phúc Province	2020-07-12		0	19	19							0.0	0.0	0.0	https://ncov.moh.gov.vn/
Vladimir_Oblast	Vladimir Oblast	2020-07-12	2020-07-11T07:35:00.000Z	88	4874	3787		45			0		2.0	39.43	90.43	https://xn--80aesfpebagmfblc0a.xn--p1ai/#
Voitsberg_District	Voitsberg District	2020-07-12	2020-07-11T20:00:00.000Z		106									0.0		https://info.gesundheitsministerium.at/
Volgograd_Oblast	Volgograd Oblast	2020-07-12	2020-07-11T07:35:00.000Z	47	7332	3973		92			0		0.57	78.43	95.14	https://xn--80aesfpebagmfblc0a.xn--p1ai/#
Vologda_Oblast	Vologda Oblast	2020-07-12	2020-07-11T07:35:00.000Z	19	1856	1477		38			0		0.29	21.0	25.14	https://xn--80aesfpebagmfblc0a.xn--p1ai/#
Vorarlberg	Vorarlberg	2020-07-12	2020-07-11T20:00:00.000Z	18		895							0.0		0.57	https://info.gesundheitsministerium.at/
Voronezh_Oblast	Voronezh Oblast	2020-07-12	2020-07-11T07:35:00.000Z	63	9159	6491		123			0		2.71	114.29	218.43	https://xn--80aesfpebagmfblc0a.xn--p1ai/#
Waidhofen_an_der_Thaya_District	Waidhofen an der Thaya District	2020-07-12	2020-07-11T20:00:00.000Z		73									0.0		https://info.gesundheitsministerium.at/
Waidhofen_an_der_Ybbs	Waidhofen an der Ybbs	2020-07-12	2020-07-11T20:00:00.000Z		25									0.0		https://info.gesundheitsministerium.at/
Waikato	Waikato	2020-07-12	2020-07-11T01:00:00.000Z	1	188	187							0.0	0.0	0.0	https://www.health.govt.nz/
Weiz_District	Weiz District	2020-07-12	2020-07-11T20:00:00.000Z		201									0.0		https://info.gesundheitsministerium.at/
Wels	Wels	2020-07-12	2020-07-11T20:00:00.000Z		106									3.14		https://info.gesundheitsministerium.at/
West_Bengal	West Bengal	2020-07-12	2020-07-11T08:00:00.000Z	880	27109	17348							20.57	839.71	454.57	https://www.mohfw.gov.in/
West_Coast,_New_Zealand	West Coast, New Zealand	2020-07-12	2020-07-11T01:00:00.000Z	1	5	4							0.0	0.0	0.0	https://www.health.govt.nz/
West_Kazakhstan_Region	West Kazakhstan Region	2020-07-12		17	3794	3006							1.0	86.0	265.29	https://www.coronavirus2020.kz/
Whanganui	Whanganui	2020-07-12	2020-07-11T01:00:00.000Z		9	9								0.0	0.0	https://www.health.govt.nz/
Wiener_Neustadt	Wiener Neustadt	2020-07-12	2020-07-11T20:00:00.000Z		63									0.29		https://info.gesundheitsministerium.at/
Wolfsberg_District	Wolfsberg District	2020-07-12	2020-07-11T20:00:00.000Z		48									0.0		https://info.gesundheitsministerium.at/
Yamalo-Nenets_Autonomous_Okrug	Yamalo-Nenets Autonomous Okrug	2020-07-12	2020-07-11T07:35:00.000Z	56	7742	2968		195			0		1.71	169.57	47.57	https://xn--80aesfpebagmfblc0a.xn--p1ai/#
Yaroslavl_Oblast	Yaroslavl Oblast	2020-07-12	2020-07-11T07:35:00.000Z	22	5230	4313		40			0		0.43	34.14	81.71	https://xn--80aesfpebagmfblc0a.xn--p1ai/#
Zabaykalsky_Krai	Zabaykalsky Krai	2020-07-12	2020-07-11T07:35:00.000Z	44	3595	2703		40			0		0.14	34.29	56.57	https://xn--80aesfpebagmfblc0a.xn--p1ai/#
Zwettl_District	Zwettl District	2020-07-12	2020-07-11T20:00:00.000Z		73									0.0		https://info.gesundheitsministerium.at/
