regionId	label	referenceDate	lastUpdatedDate	totalDeaths	totalConfirmedCases	totalRecoveredCases	totalTestedCases	numPositiveTests	numDeaths	numRecoveredCases	diffNumPositiveTests	diffNumDeaths	avgWeeklyDeaths	avgWeeklyConfirmedCases	avgWeeklyRecoveredCases	dataSource
Abruzzo	Abruzzo	2020-03-07		0	11	0	123	2	0	0	1	0	0.0	1.29	0.0	http://www.salute.gov.it/
Afghanistan	Afghanistan	2020-03-07		0	4			3	0		3	0	0.0	0.43		https://www.who.int/
Alcona_County,_Michigan	Alcona County, Michigan	2020-03-07	2020-06-17T16:00:00.000Z	0	0			0	0	0	0	0				https://www.michigan.gov/
Alger_County,_Michigan	Alger County, Michigan	2020-03-07	2020-06-17T16:00:00.000Z	0	0			0	0	0	0	0				https://www.michigan.gov/
Algeria	Algeria	2020-03-07		0	17			0	0		-5	0	0.0	2.29		https://www.who.int/
Allegan_County,_Michigan	Allegan County, Michigan	2020-03-07	2020-06-17T16:00:00.000Z	0	0			0	0	0	0	0				https://www.michigan.gov/
Alpena_County,_Michigan	Alpena County, Michigan	2020-03-07	2020-06-17T16:00:00.000Z	0	0			0	0	0	0	0				https://www.michigan.gov/
Andalusia	Andalusia	2020-03-07	2020-06-29T15:47:25.000Z		34			7			1			3.14		https://www.mscbs.gob.es/
Andorra	Andorra	2020-03-07		0	1			0	0		0	0				https://www.who.int/
Antrim_County,_Michigan	Antrim County, Michigan	2020-03-07	2020-06-17T16:00:00.000Z	0	0			0	0	0	0	0				https://www.michigan.gov/
Antwerp_Province	Antwerp Province	2020-03-07	2020-03-07		43			8			-3					https://epistat.wiv-isp.be/Covid/
Aosta_Valley	Aosta Valley	2020-03-07		0	8	0	32	1	0	0	-4	0	0.0	1.14	0.0	http://www.salute.gov.it/
Apulia	Apulia	2020-03-07		2	26	1	395	9	1	0	6	1	0.29	3.29	0.14	http://www.salute.gov.it/
Aragon	Aragon	2020-03-07	2020-06-29T15:47:25.000Z		5			0			-4			0.71		https://www.mscbs.gob.es/
Arenac_County,_Michigan	Arenac County, Michigan	2020-03-07	2020-06-17T16:00:00.000Z	0	0			0	0	0	0	0				https://www.michigan.gov/
Argentina	Argentina	2020-03-07		1	12			3	0	0	-4	0				https://www.who.int/
Armenia	Armenia	2020-03-07		0	1			0	0		0	0	0.0	0.14		https://www.who.int/
Asturias	Asturias	2020-03-07	2020-06-29T15:47:25.000Z	0	8			1	0		-2	0	0.0	1.0		https://www.mscbs.gob.es/
Australia	Australia	2020-03-07		2	70			8	0	0	3	0	0.29	6.43		https://www.who.int/
Austria	Austria	2020-03-07		0	79			13	0	0	-16	0	0.0	9.86		https://www.who.int/
Azerbaijan	Azerbaijan	2020-03-07	2020-06-29T11:42:39.000Z	0	9			0	0	0	-6	0	0.0	0.86		https://www.ecdc.europa.eu/
Bahrain	Bahrain	2020-03-07	2020-06-29T11:42:39.000Z	0	56			4	0	0	4	0	0.0	2.29		https://www.ecdc.europa.eu/
Balearic_Islands	Balearic Islands	2020-03-07	2020-06-29T15:47:25.000Z		8			2			2			0.86		https://www.mscbs.gob.es/
Baraga_County,_Michigan	Baraga County, Michigan	2020-03-07	2020-06-17T16:00:00.000Z	0	0			0	0	0	0	0				https://www.michigan.gov/
Barry_County,_Michigan	Barry County, Michigan	2020-03-07	2020-06-17T16:00:00.000Z	0	0			0	0	0	0	0				https://www.michigan.gov/
Basilicata	Basilicata	2020-03-07		0	3	0	75	0	0	0	-2	0	0.0	0.43	0.0	http://www.salute.gov.it/
Basque_Country_(autonomous_community)	Basque Country (autonomous community)	2020-03-07	2020-06-29T15:47:25.000Z		70			25			25			9.57		https://www.mscbs.gob.es/
Bay_County,_Michigan	Bay County, Michigan	2020-03-07	2020-06-17T16:00:00.000Z	0	1			0	0	0	-1	0				https://www.michigan.gov/
Belarus	Belarus	2020-03-07		0	6			0	0		0	0	0.0	0.71		https://www.who.int/
Belgium	Belgium	2020-03-07	2020-06-29T11:42:39.000Z	0	317			111	0	0	30	0	0.0	45.14		https://www.ecdc.europa.eu/
Benzie_County,_Michigan	Benzie County, Michigan	2020-03-07	2020-06-17T16:00:00.000Z	0	0			0	0	0	0	0				https://www.michigan.gov/
Berrien_County,_Michigan	Berrien County, Michigan	2020-03-07	2020-06-17T16:00:00.000Z	0	1			0	0	0	-1	0				https://www.michigan.gov/
Bhutan	Bhutan	2020-03-07		0	1			0	0		0	0				https://www.who.int/
Bosnia_and_Herzegovina	Bosnia and Herzegovina	2020-03-07		0	2			0	0		0	0				https://www.who.int/
Branch_County,_Michigan	Branch County, Michigan	2020-03-07	2020-06-17T16:00:00.000Z	0	0			0	0	0	0	0				https://www.michigan.gov/
Brazil	Brazil	2020-03-07		0	19			0	0	0	-11	0	0.0	2.43		https://www.who.int/
Brighton_and_Hove	Brighton and Hove	2020-03-07			7			1			0					https://www.gov.uk/
Bristol	Bristol	2020-03-07			3			1			0					https://www.gov.uk/
Brussels	Brussels	2020-03-07	2020-03-07		33			5			-4					https://epistat.wiv-isp.be/Covid/
Buckinghamshire	Buckinghamshire	2020-03-07			4			1			0					https://www.gov.uk/
Calabria	Calabria	2020-03-07		0	4	0	113	0	0	0	-2	0	0.0	0.43	0.0	http://www.salute.gov.it/
Calhoun_County,_Michigan	Calhoun County, Michigan	2020-03-07	2020-06-17T16:00:00.000Z	0	0			0	0	0	0	0				https://www.michigan.gov/
Cambodia	Cambodia	2020-03-07		0	2			1	0		1	0	0.0	0.14		https://www.who.int/
Cameroon	Cameroon	2020-03-07		0	2			0	0	0	0	0				https://www.who.int/
Campania	Campania	2020-03-07		0	61	0	612	4	0	0	-8	0	0.0	6.86	0.0	http://www.salute.gov.it/
Canada	Canada	2020-03-07		0	60			3	0	0	-5	0	0.0	5.86		https://www.who.int/
Canary_Islands	Canary Islands	2020-03-07	2020-06-29T15:47:25.000Z		17			6			6			1.43		https://www.mscbs.gob.es/
Cantabria	Cantabria	2020-03-07	2020-06-29T15:47:25.000Z		12			2			2			1.57		https://www.mscbs.gob.es/
Cass_County,_Michigan	Cass County, Michigan	2020-03-07	2020-06-17T16:00:00.000Z	0	0			0	0	0	0	0				https://www.michigan.gov/
Castile_and_Le%C3%B3n	Castile and León	2020-03-07	2020-06-29T15:47:25.000Z		22			8			8			2.71		https://www.mscbs.gob.es/
Castilla%E2%80%93La_Mancha	Castilla–La Mancha	2020-03-07	2020-06-29T15:47:25.000Z		15			0			0			2.0		https://www.mscbs.gob.es/
Catalonia	Catalonia	2020-03-07	2020-06-29T15:47:25.000Z		49			25			25			6.14		https://www.mscbs.gob.es/
Ceuta	Ceuta	2020-03-07	2020-06-29T15:47:25.000Z		0			0			0			0.0		https://www.mscbs.gob.es/
Charlevoix_County,_Michigan	Charlevoix County, Michigan	2020-03-07	2020-06-17T16:00:00.000Z	0	2			0	0	0	0	0				https://www.michigan.gov/
Cheboygan_County,_Michigan	Cheboygan County, Michigan	2020-03-07	2020-06-17T16:00:00.000Z	0	0			0	0	0	0	0				https://www.michigan.gov/
Chile	Chile	2020-03-07		0	10			5	0	0	5	0				https://www.who.int/
China	China	2020-03-07		3073	80813			102	28	28	-44	-2	33.57	203.43		https://www.who.int/
Chippewa_County,_Michigan	Chippewa County, Michigan	2020-03-07	2020-06-17T16:00:00.000Z	0	0			0	0	0	0	0				https://www.michigan.gov/
City_of_Leeds	City of Leeds	2020-03-07			5			2			1					https://www.gov.uk/
City_of_Sunderland	City of Sunderland	2020-03-07			1			1								https://www.gov.uk/
City_of_Westminster	City of Westminster	2020-03-07			11			2			-3					https://www.gov.uk/
Clare_County,_Michigan	Clare County, Michigan	2020-03-07	2020-06-17T16:00:00.000Z	0	0			0	0	0	0	0				https://www.michigan.gov/
Clinton_County,_Michigan	Clinton County, Michigan	2020-03-07	2020-06-17T16:00:00.000Z	0	0			0	0	0	0	0				https://www.michigan.gov/
Colombia	Colombia	2020-03-07	2020-06-29T11:42:39.000Z	0	1			0	0	0	0	0				https://www.ecdc.europa.eu/
Community_of_Madrid	Community of Madrid	2020-03-07	2020-06-29T15:47:25.000Z		738			223			19			101.57		https://www.mscbs.gob.es/
Costa_Rica	Costa Rica	2020-03-07		0	5				0							https://www.who.int/
County_Carlow	County Carlow	2020-03-07			0			0			0			0.0		https://www.gov.ie/
County_Cavan	County Cavan	2020-03-07			0			0			0			0.0		https://www.gov.ie/
County_Clare	County Clare	2020-03-07			0			0			0			0.0		https://www.gov.ie/
County_Cork	County Cork	2020-03-07			0			0			0			0.0		https://www.gov.ie/
County_Donegal	County Donegal	2020-03-07			0			0			0			0.0		https://www.gov.ie/
County_Dublin	County Dublin	2020-03-07			0			0			0			0.0		https://www.gov.ie/
County_Galway	County Galway	2020-03-07			0			0			0			0.0		https://www.gov.ie/
County_Kerry	County Kerry	2020-03-07			0			0			0			0.0		https://www.gov.ie/
County_Kildare	County Kildare	2020-03-07			0			0			0			0.0		https://www.gov.ie/
County_Kilkenny	County Kilkenny	2020-03-07			0			0			0			0.0		https://www.gov.ie/
County_Laois	County Laois	2020-03-07			0			0			0			0.0		https://www.gov.ie/
County_Leitrim	County Leitrim	2020-03-07			0			0			0			0.0		https://www.gov.ie/
County_Limerick	County Limerick	2020-03-07			0			0			0			0.0		https://www.gov.ie/
County_Longford	County Longford	2020-03-07			0			0			0			0.0		https://www.gov.ie/
County_Louth	County Louth	2020-03-07			0			0			0			0.0		https://www.gov.ie/
County_Mayo	County Mayo	2020-03-07			0			0			0			0.0		https://www.gov.ie/
County_Meath	County Meath	2020-03-07			0			0			0			0.0		https://www.gov.ie/
County_Monaghan	County Monaghan	2020-03-07			0			0			0			0.0		https://www.gov.ie/
County_Offaly	County Offaly	2020-03-07			0			0			0			0.0		https://www.gov.ie/
County_Roscommon	County Roscommon	2020-03-07			0			0			0			0.0		https://www.gov.ie/
County_Sligo	County Sligo	2020-03-07			0			0			0			0.0		https://www.gov.ie/
County_Tipperary	County Tipperary	2020-03-07			0			0			0			0.0		https://www.gov.ie/
County_Waterford	County Waterford	2020-03-07			0			0			0			0.0		https://www.gov.ie/
County_Westmeath	County Westmeath	2020-03-07			0			0			0			0.0		https://www.gov.ie/
County_Wexford	County Wexford	2020-03-07			0			0			0			0.0		https://www.gov.ie/
County_Wicklow	County Wicklow	2020-03-07			0			0			0			0.0		https://www.gov.ie/
Crawford_County,_Michigan	Crawford County, Michigan	2020-03-07	2020-06-17T16:00:00.000Z	0	0			0	0	0	0	0				https://www.michigan.gov/
Croatia	Croatia	2020-03-07	2020-06-29T11:42:39.000Z	0	11			0	0	0	-1	0	0.0	0.57		https://www.ecdc.europa.eu/
Cumbria	Cumbria	2020-03-07			5			1			-1					https://www.gov.uk/
Czech_Republic	Czech Republic	2020-03-07		0	26			14	0	0	14	0	0.0	3.71		https://www.who.int/
Delta_County,_Michigan	Delta County, Michigan	2020-03-07	2020-06-17T16:00:00.000Z	0	0			0	0	0	0	0				https://www.michigan.gov/
Denmark	Denmark	2020-03-07		0	31			8	0	0	3	0	0.0	4.0		https://www.who.int/
Detroit	Detroit	2020-03-07	2020-06-17T16:00:00.000Z	0	36			6	0	0	-3	0				https://www.michigan.gov/
Dickinson_County,_Michigan	Dickinson County, Michigan	2020-03-07	2020-06-17T16:00:00.000Z	0	0			0	0	0	0	0				https://www.michigan.gov/
Dominican_Republic	Dominican Republic	2020-03-07	2020-06-29T11:42:39.000Z	0	2			1	0	0	1	0	0.0	0.29		https://www.ecdc.europa.eu/
Earth	Earth	2020-03-07	2020-06-15T17:37:03.933Z	3547	105602			4467	104		527	2	87.29	2890.57		https://github.com/yahoo/covid-19-data/blob/master/data-sources.md
East_Flanders	East Flanders	2020-03-07	2020-03-07		34			1			-15					https://epistat.wiv-isp.be/Covid/
East_Midlands	East Midlands	2020-03-07			31			4			-3			3.71		https://www.gov.uk/
East_of_England	East of England	2020-03-07			28			3			-2			0.82		https://www.gov.uk/
Eaton_County,_Michigan	Eaton County, Michigan	2020-03-07	2020-06-17T16:00:00.000Z	0	0			0	0	0	0	0				https://www.michigan.gov/
Ecuador	Ecuador	2020-03-07		0	14			0	0		-1	0	0.0	1.86		https://www.who.int/
Egypt	Egypt	2020-03-07		0	48			45	0	0	45	0	0.0	6.71		https://www.who.int/
Emilia-Romagna	Emilia-Romagna	2020-03-07		48	1010	25	3604	140	11	8	-32	4	6.29	113.29	3.57	http://www.salute.gov.it/
Emmet_County,_Michigan	Emmet County, Michigan	2020-03-07	2020-06-17T16:00:00.000Z	0	0			0	0	0	0	0				https://www.michigan.gov/
England	England	2020-03-07		2	396			47	1		-26	1		48.14		https://www.gov.uk/
Estonia	Estonia	2020-03-07	2020-06-29T11:42:39.000Z	0	10			0	0	0	-7	0	0.0	1.29		https://www.ecdc.europa.eu/
Extremadura	Extremadura	2020-03-07	2020-06-29T15:47:25.000Z		6			0			0			0.29		https://www.mscbs.gob.es/
Faroe_Islands	Faroe Islands	2020-03-07		0	1			0	0		0	0				https://www.who.int/
Finland	Finland	2020-03-07	2020-06-29T11:42:39.000Z	0	19			0	0	0	-7	0	0.0	2.29		https://www.ecdc.europa.eu/
France	France	2020-03-07		16	949			336	2	2	146	-1	2.0	121.29		https://www.santepubliquefrance.fr/
French_Guiana	French Guiana	2020-03-07		0	5			0	0		0	0				https://www.who.int/
Friuli_Venezia_Giulia	Friuli Venezia Giulia	2020-03-07		0	42	3	577	11	0	0	1	0	0.0	6.0	0.43	http://www.salute.gov.it/
Galicia_(Spain)	Galicia (Spain)	2020-03-07	2020-06-29T15:47:25.000Z		5			2			2			0.71		https://www.mscbs.gob.es/
Genesee_County,_Michigan	Genesee County, Michigan	2020-03-07	2020-06-17T16:00:00.000Z	0	9			1	0	0	0	0				https://www.michigan.gov/
Georgia_(country)	Georgia (country)	2020-03-07		0	13			1	0		-2	0	0.0	1.43		https://www.who.int/
Germany	Germany	2020-03-07		0	795			156	0	0	-83	0	0.0	105.43		https://www.who.int/
Gibraltar	Gibraltar	2020-03-07		0	1			0	0		0	0				https://www.who.int/
Gladwin_County,_Michigan	Gladwin County, Michigan	2020-03-07	2020-06-17T16:00:00.000Z	0	0			0	0	0	0	0				https://www.michigan.gov/
Gogebic_County,_Michigan	Gogebic County, Michigan	2020-03-07	2020-06-17T16:00:00.000Z	0	0			0	0	0	0	0				https://www.michigan.gov/
Grand_Traverse_County,_Michigan	Grand Traverse County, Michigan	2020-03-07	2020-06-17T16:00:00.000Z	0	0			0	0	0	0	0				https://www.michigan.gov/
Gratiot_County,_Michigan	Gratiot County, Michigan	2020-03-07	2020-06-17T16:00:00.000Z	0	0			0	0	0	0	0				https://www.michigan.gov/
Greater_London	Greater London	2020-03-07			112			14			-9			13.57		https://www.gov.uk/
Greece	Greece	2020-03-07		0	66			34	0	0	34	0	0.0	8.86		https://www.who.int/
Hainaut_Province	Hainaut Province	2020-03-07	2020-03-07		22			1			-3					https://epistat.wiv-isp.be/Covid/
Hertfordshire	Hertfordshire	2020-03-07			17			2			-2					https://www.gov.uk/
Hillsdale_County,_Michigan	Hillsdale County, Michigan	2020-03-07	2020-06-17T16:00:00.000Z	0	0			0	0	0	0	0				https://www.michigan.gov/
Houghton_County,_Michigan	Houghton County, Michigan	2020-03-07	2020-06-17T16:00:00.000Z	0	0			0	0	0	0	0				https://www.michigan.gov/
Hungary	Hungary	2020-03-07		0	7			3	0	0	1	0				https://www.who.int/
Huron_County,_Michigan	Huron County, Michigan	2020-03-07	2020-06-17T16:00:00.000Z	0	0			0	0	0	0	0				https://www.michigan.gov/
Iceland	Iceland	2020-03-07		0	45			10	0	0	1	0	0.0	6.29		https://www.who.int/
India	India	2020-03-07		0	34			3	0	0	1	0	0.0	4.43		https://www.who.int/
Indiana	Indiana	2020-03-07		0	1		19	1	0		1	0				https://coronavirus.in.gov/
Indonesia	Indonesia	2020-03-07	2020-06-29T11:42:39.000Z	0	4			0	0	0	-2	0	0.0	0.57		https://www.ecdc.europa.eu/
Ingham_County,_Michigan	Ingham County, Michigan	2020-03-07	2020-06-17T16:00:00.000Z	0	3			0	0	0	0	0				https://www.michigan.gov/
Ionia_County,_Michigan	Ionia County, Michigan	2020-03-07	2020-06-17T16:00:00.000Z	0	1			0	0	0	0	0				https://www.michigan.gov/
Iosco_County,_Michigan	Iosco County, Michigan	2020-03-07	2020-06-17T16:00:00.000Z	0	0			0	0	0	0	0				https://www.michigan.gov/
Iran	Iran	2020-03-07		145	5823			1076	17	17	-158	2	14.57	747.14		https://www.who.int/
Iraq	Iraq	2020-03-07		4	54			10	0		2	-2	0.57	5.86		https://www.who.int/
Iron_County,_Michigan	Iron County, Michigan	2020-03-07	2020-06-17T16:00:00.000Z	0	0			0	0	0	0	0				https://www.michigan.gov/
Isabella_County,_Michigan	Isabella County, Michigan	2020-03-07	2020-06-17T16:00:00.000Z	0	0			0	0	0	0	0				https://www.michigan.gov/
Israel	Israel	2020-03-07		0	21			2	0	0	-2	0	0.0	2.0		https://www.who.int/
Italy	Italy	2020-03-07		234	5883	589	42062	1247	49	66	469	8	29.29	679.29	77.0	https://www.who.int/
Jackson_County,_Michigan	Jackson County, Michigan	2020-03-07	2020-06-17T16:00:00.000Z	0	1			0	0	0	0	0				https://www.michigan.gov/
Japan	Japan	2020-03-07	2020-06-29T11:42:39.000Z	6	408			59	0	0	59	0	0.14	24.14		https://www.ecdc.europa.eu/
Jordan	Jordan	2020-03-07		0	1			0	0		0	0				https://www.who.int/
Kalamazoo_County,_Michigan	Kalamazoo County, Michigan	2020-03-07	2020-06-17T16:00:00.000Z	0	0			0	0	0	0	0				https://www.michigan.gov/
Kalkaska_County,_Michigan	Kalkaska County, Michigan	2020-03-07	2020-06-17T16:00:00.000Z	0	1			1	0	0	1	0				https://www.michigan.gov/
Kent_County,_Michigan	Kent County, Michigan	2020-03-07	2020-06-17T16:00:00.000Z	0	8			2	0	0	1	0				https://www.michigan.gov/
Keweenaw_County,_Michigan	Keweenaw County, Michigan	2020-03-07	2020-06-17T16:00:00.000Z	0	0			0	0	0	0	0				https://www.michigan.gov/
Kuwait	Kuwait	2020-03-07		0	61			3	0		3	0	0.0	2.29		https://www.who.int/
Lake_County,_Michigan	Lake County, Michigan	2020-03-07	2020-06-17T16:00:00.000Z	0	0			0	0	0	0	0				https://www.michigan.gov/
Lapeer_County,_Michigan	Lapeer County, Michigan	2020-03-07	2020-06-17T16:00:00.000Z	0	0			0	0	0	0	0				https://www.michigan.gov/
Latvia	Latvia	2020-03-07		0	1			0	0		0	0				https://www.who.int/
Lazio	Lazio	2020-03-07		1	76	3	1582	22	0	0	12	-1	0.14	10.0	0.0	http://www.salute.gov.it/
Lebanon	Lebanon	2020-03-07	2020-06-29T11:42:39.000Z	0	22			0	0	0	-6	0	0.0	2.14		https://www.ecdc.europa.eu/
Leelanau_County,_Michigan	Leelanau County, Michigan	2020-03-07	2020-06-17T16:00:00.000Z	0	0			0	0	0	0	0				https://www.michigan.gov/
Lenawee_County,_Michigan	Lenawee County, Michigan	2020-03-07	2020-06-17T16:00:00.000Z	0	0			0	0	0	0	0				https://www.michigan.gov/
Liechtenstein	Liechtenstein	2020-03-07		0	1			0	0		0	0				https://www.who.int/
Li%C3%A8ge_Province	Liège Province	2020-03-07	2020-03-07		33			4			-4					https://epistat.wiv-isp.be/Covid/
Liguria	Liguria	2020-03-07		4	51	5	331	19	1	0	15	1	0.57	1.29	0.14	http://www.salute.gov.it/
Limburg_(Belgium)	Limburg (Belgium)	2020-03-07	2020-03-07		41			3			-14					https://epistat.wiv-isp.be/Covid/
Lithuania	Lithuania	2020-03-07		0	1			0	0		0	0	0.0	0.0		https://www.who.int/
Liverpool	Liverpool	2020-03-07			5			1			0					https://www.gov.uk/
Livingston_County,_Michigan	Livingston County, Michigan	2020-03-07	2020-06-17T16:00:00.000Z	0	0			0	0	0	0	0				https://www.michigan.gov/
Lombardy	Lombardy	2020-03-07		154	3420	524	15778	808	19	55	447	-18	18.71	400.71	69.14	http://www.salute.gov.it/
London_Borough_of_Brent	London Borough of Brent	2020-03-07			2			1			0					https://www.gov.uk/
London_Borough_of_Camden	London Borough of Camden	2020-03-07			5			1			0					https://www.gov.uk/
London_Borough_of_Croydon	London Borough of Croydon	2020-03-07			1			1								https://www.gov.uk/
London_Borough_of_Ealing	London Borough of Ealing	2020-03-07			7			1			0					https://www.gov.uk/
London_Borough_of_Lambeth	London Borough of Lambeth	2020-03-07			6			2			1					https://www.gov.uk/
London_Borough_of_Lewisham	London Borough of Lewisham	2020-03-07			3			1			0					https://www.gov.uk/
London_Borough_of_Southwark	London Borough of Southwark	2020-03-07			9			1			-1					https://www.gov.uk/
London_Borough_of_Sutton	London Borough of Sutton	2020-03-07			3			1			0					https://www.gov.uk/
London_Borough_of_Tower_Hamlets	London Borough of Tower Hamlets	2020-03-07			5			1			0					https://www.gov.uk/
Luce_County,_Michigan	Luce County, Michigan	2020-03-07	2020-06-17T16:00:00.000Z	0	0			0	0	0	0	0				https://www.michigan.gov/
Luxembourg	Luxembourg	2020-03-07	2020-06-29T11:42:39.000Z	0	3			1	0	0	0	0	0.0	0.43		https://www.ecdc.europa.eu/
Mackinac_County,_Michigan	Mackinac County, Michigan	2020-03-07	2020-06-17T16:00:00.000Z	0	0			0	0	0	0	0				https://www.michigan.gov/
Macomb_County,_Michigan	Macomb County, Michigan	2020-03-07	2020-06-17T16:00:00.000Z	1	26			10	0	0	6	0				https://www.michigan.gov/
Malaysia	Malaysia	2020-03-07		0	93			10	0	0	-18	0	0.0	9.71		https://www.who.int/
Maldives	Maldives	2020-03-07		0	2											https://www.who.int/
Malta	Malta	2020-03-07		0	3				0							https://www.who.int/
Manistee_County,_Michigan	Manistee County, Michigan	2020-03-07	2020-06-17T16:00:00.000Z	0	0			0	0	0	0	0				https://www.michigan.gov/
Marche	Marche	2020-03-07		6	207	0	816	48	2	0	13	2	0.86	28.0	0.0	http://www.salute.gov.it/
Marquette_County,_Michigan	Marquette County, Michigan	2020-03-07	2020-06-17T16:00:00.000Z	0	0			0	0	0	0	0				https://www.michigan.gov/
Martinique	Martinique	2020-03-07		0	2			0	0		0	0				https://www.who.int/
Mason_County,_Michigan	Mason County, Michigan	2020-03-07	2020-06-17T16:00:00.000Z	0	0			0	0	0	0	0				https://www.michigan.gov/
Mecosta_County,_Michigan	Mecosta County, Michigan	2020-03-07	2020-06-17T16:00:00.000Z	0	0			0	0	0	0	0				https://www.michigan.gov/
Melilla	Melilla	2020-03-07	2020-06-29T15:47:25.000Z		0			0			0			0.0		https://www.mscbs.gob.es/
Menominee_County,_Michigan	Menominee County, Michigan	2020-03-07	2020-06-17T16:00:00.000Z	0	0			0	0	0	0	0				https://www.michigan.gov/
Metropolitan_Borough_of_Bolton	Metropolitan Borough of Bolton	2020-03-07			3			1			0					https://www.gov.uk/
Metropolitan_Borough_of_Bury	Metropolitan Borough of Bury	2020-03-07			4			1			-2					https://www.gov.uk/
Metropolitan_Borough_of_Dudley	Metropolitan Borough of Dudley	2020-03-07			1			1								https://www.gov.uk/
Metropolitan_Borough_of_Oldham	Metropolitan Borough of Oldham	2020-03-07			4			2			1					https://www.gov.uk/
Mexico	Mexico	2020-03-07		0	7			2	0		2	0	0.0	0.71		https://www.who.int/
Michigan	Michigan	2020-03-07	2020-06-17T16:00:00.000Z	1	187			48	0	0	8	0				https://www.michigan.gov/
Midland_County,_Michigan	Midland County, Michigan	2020-03-07	2020-06-17T16:00:00.000Z	0	0			0	0	0	0	0				https://www.michigan.gov/
Missaukee_County,_Michigan	Missaukee County, Michigan	2020-03-07	2020-06-17T16:00:00.000Z	0	0			0	0	0	0	0				https://www.michigan.gov/
Moldova	Moldova	2020-03-07		0	1											https://www.who.int/
Molise	Molise	2020-03-07		0	14	0	112	2	0	0	-3	0	0.0	2.0	0.0	http://www.salute.gov.it/
Monaco	Monaco	2020-03-07		0	1			0	0		0	0	0.0	0.0		https://www.who.int/
Monroe_County,_Michigan	Monroe County, Michigan	2020-03-07	2020-06-17T16:00:00.000Z	0	1			0	0	0	-1	0				https://www.michigan.gov/
Montcalm_County,_Michigan	Montcalm County, Michigan	2020-03-07	2020-06-17T16:00:00.000Z	0	1			0	0	0	-1	0				https://www.michigan.gov/
Montmorency_County,_Michigan	Montmorency County, Michigan	2020-03-07	2020-06-17T16:00:00.000Z	0	0			0	0	0	0	0				https://www.michigan.gov/
Morocco	Morocco	2020-03-07		0	2			0	0		0	0				https://www.who.int/
Muskegon_County,_Michigan	Muskegon County, Michigan	2020-03-07	2020-06-17T16:00:00.000Z	0	0			0	0	0	0	0				https://www.michigan.gov/
Navarre	Navarre	2020-03-07	2020-06-29T15:47:25.000Z		3			0			0			0.29		https://www.mscbs.gob.es/
Nepal	Nepal	2020-03-07		0	1			0	0		0	0	0.0	0.0		https://www.who.int/
Netherlands	Netherlands	2020-03-07		1	188			60	1	1	14	1	0.14	26.0		https://www.who.int/
New_Zealand	New Zealand	2020-03-07	2020-06-29T11:42:39.000Z	0	5			1	0	0	0	0	0.0	0.57		https://www.ecdc.europa.eu/
Newaygo_County,_Michigan	Newaygo County, Michigan	2020-03-07	2020-06-17T16:00:00.000Z	0	0			0	0	0	0	0				https://www.michigan.gov/
Newcastle_upon_Tyne	Newcastle upon Tyne	2020-03-07			4			1			0					https://www.gov.uk/
Nigeria	Nigeria	2020-03-07		0	1			0	0		0	0	0.0	0.0		https://www.who.int/
North_East_England	North East England	2020-03-07			7			2			1					https://www.gov.uk/
North_Macedonia	Republic of Macedonia	2020-03-07	2020-06-29T11:42:39.000Z	0	3			0	0	0	-2	0	0.0	0.29		https://www.ecdc.europa.eu/
North_West_England	North West England	2020-03-07			42			6			4			5.13		https://www.gov.uk/
Northamptonshire	Northamptonshire	2020-03-07			6			1			-1					https://www.gov.uk/
Norway	Norway	2020-03-07		0	147			34	0	0	-23	0	0.0	20.0		https://www.who.int/
Nottingham	Nottingham	2020-03-07			3			1			0					https://www.gov.uk/
Nottinghamshire	Nottinghamshire	2020-03-07			8			2			0					https://www.gov.uk/
Oakland_County,_Michigan	Oakland County, Michigan	2020-03-07	2020-06-17T16:00:00.000Z	0	48			13	0	0	5	0				https://www.michigan.gov/
Oceana_County,_Michigan	Oceana County, Michigan	2020-03-07	2020-06-17T16:00:00.000Z	0	0			0	0	0	0	0				https://www.michigan.gov/
Ogemaw_County,_Michigan	Ogemaw County, Michigan	2020-03-07	2020-06-17T16:00:00.000Z	0	0			0	0	0	0	0				https://www.michigan.gov/
Oman	Oman	2020-03-07		0	16			0	0		0	0	0.0	1.43		https://www.who.int/
Ontonagon_County,_Michigan	Ontonagon County, Michigan	2020-03-07	2020-06-17T16:00:00.000Z	0	0			0	0	0	0	0				https://www.michigan.gov/
Osceola_County,_Michigan	Osceola County, Michigan	2020-03-07	2020-06-17T16:00:00.000Z	0	0			0	0	0	0	0				https://www.michigan.gov/
Oscoda_County,_Michigan	Oscoda County, Michigan	2020-03-07	2020-06-17T16:00:00.000Z	0	0			0	0	0	0	0				https://www.michigan.gov/
Otsego_County,_Michigan	Otsego County, Michigan	2020-03-07	2020-06-17T16:00:00.000Z	0	1			0	0	0	0	0				https://www.michigan.gov/
Ottawa_County,_Michigan	Ottawa County, Michigan	2020-03-07	2020-06-17T16:00:00.000Z	0	1			0	0	0	-1	0				https://www.michigan.gov/
Oxfordshire	Oxfordshire	2020-03-07			9			1			-2					https://www.gov.uk/
Pakistan	Pakistan	2020-03-07	2020-06-29T11:42:39.000Z	0	6			1	0	0	1	0	0.0	0.29		https://www.ecdc.europa.eu/
Paraguay	Paraguay	2020-03-07		0	1											https://www.who.int/
Peru	Peru	2020-03-07		0	6			0	0	0	0	0				https://www.who.int/
Philippines	Philippines	2020-03-07		1	6			1	0	0	-1	0	0.0	0.43		https://www.who.int/
Piedmont	Piedmont	2020-03-07		5	207	0	1046	64	1	0	29	-1	0.71	28.0	0.0	http://www.salute.gov.it/
Poland	Poland	2020-03-07		0	6			1	0	0	-3	0				https://www.who.int/
Portugal	Portugal	2020-03-07	2020-06-29T11:42:39.000Z	0	13			0	0	0	-4	0				https://www.ecdc.europa.eu/
Presque_Isle_County,_Michigan	Presque Isle County, Michigan	2020-03-07	2020-06-17T16:00:00.000Z	0	0			0	0	0	0	0				https://www.michigan.gov/
Qatar	Qatar	2020-03-07		0	12			1	0	0	-2	0	0.0	1.57		https://www.who.int/
Region_of_Murcia	Region of Murcia	2020-03-07	2020-06-29T15:47:25.000Z		1			1			1			0.14		https://www.mscbs.gob.es/
Republic_of_Ireland	Republic of Ireland	2020-03-07		0	19			1	0	0	-3	0	0.0	2.71		https://www.who.int/
Romania	Romania	2020-03-07		0	9			2	0	0	1	0	0.0	0.86		https://www.who.int/
Roscommon_County,_Michigan	Roscommon County, Michigan	2020-03-07	2020-06-17T16:00:00.000Z	0	0			0	0	0	0	0				https://www.michigan.gov/
Royal_Borough_of_Greenwich	Royal Borough of Greenwich	2020-03-07			1			1								https://www.gov.uk/
Royal_Borough_of_Kensington_and_Chelsea	Royal Borough of Kensington and Chelsea	2020-03-07			17			1			-5					https://www.gov.uk/
Russia	Russia	2020-03-07	2020-06-29T11:42:39.000Z	0	10			3	0	0	0	0	0.0	1.14		https://www.ecdc.europa.eu/
Saginaw_County,_Michigan	Saginaw County, Michigan	2020-03-07	2020-06-17T16:00:00.000Z	0	2			2	0	0	2	0				https://www.michigan.gov/
Saint_Barth%C3%A9lemy	Saint Barthélemy	2020-03-07		0	1			0	0		0	0				https://www.who.int/
San_Marino	San Marino	2020-03-07		1	27			3	0	0	0	0	0.14	3.71		https://www.who.int/
Sanilac_County,_Michigan	Sanilac County, Michigan	2020-03-07	2020-06-17T16:00:00.000Z	0	0			0	0	0	0	0				https://www.michigan.gov/
Sardinia	Sardinia	2020-03-07		0	5	0	99	0	0	0	-3	0	0.0	0.71	0.0	http://www.salute.gov.it/
Saudi_Arabia	Saudi Arabia	2020-03-07		0	7			2	0		2	0				https://www.who.int/
Schoolcraft_County,_Michigan	Schoolcraft County, Michigan	2020-03-07	2020-06-17T16:00:00.000Z	0	0			0	0	0	0	0				https://www.michigan.gov/
Senegal	Senegal	2020-03-07		0	4			0	0		0	0				https://www.who.int/
Serbia	Serbia	2020-03-07	2020-06-29T11:42:39.000Z	0	1			0	0	0	0	0				https://www.ecdc.europa.eu/
Sheffield	Sheffield	2020-03-07			9			3			1					https://www.gov.uk/
Shiawassee_County,_Michigan	Shiawassee County, Michigan	2020-03-07	2020-06-17T16:00:00.000Z	0	0			0	0	0	0	0				https://www.michigan.gov/
Shropshire	Shropshire	2020-03-07			1			1								https://www.gov.uk/
Sicily	Sicily	2020-03-07		0	35	2	643	11	0	0	5	0	0.0	4.43	0.0	http://www.salute.gov.it/
Singapore	Singapore	2020-03-07		0	138			8	0	0	-5	0	0.0	5.14		https://www.who.int/
Slovakia	Slovakia	2020-03-07		0	3			2	0	0	2	0				https://www.who.int/
Slovenia	Slovenia	2020-03-07		0	12			3	0	0	-1	0				https://www.who.int/
South_Africa	South Africa	2020-03-07		0	2			1	0		1	0				https://www.who.int/
South_East_England	South East England	2020-03-07			58			4			-12			5.5		https://www.gov.uk/
South_Korea	South Korea	2020-03-07	2020-06-29T11:42:39.000Z	44	6767			483	2	2	-35	-5	3.86	516.71		https://www.ecdc.europa.eu/
South_Tyrol	South Tyrol	2020-03-07		0	9	0	36	5	0	0	2	0	0.0	1.14	0.0	http://www.salute.gov.it/
South_West_England	South West England	2020-03-07			46			2			-9			4.3		https://www.gov.uk/
Spain	Spain	2020-03-07	2020-06-29T15:47:25.000Z	0	1100			332	2	2	97	0	0.0	145.29		https://www.mscbs.gob.es/
Sri_Lanka	Sri Lanka	2020-03-07		0	1			0	0		0	0	0.0	0.0		https://www.who.int/
St._Clair_County,_Michigan	St. Clair County, Michigan	2020-03-07	2020-06-17T16:00:00.000Z	0	2			1	0	0	0	0				https://www.michigan.gov/
St._Joseph_County,_Michigan	St. Joseph County, Michigan	2020-03-07	2020-06-17T16:00:00.000Z	0	0			0	0	0	0	0				https://www.michigan.gov/
State_of_Palestine	State of Palestine	2020-03-07	2020-06-29T11:42:39.000Z	0	16			0	0	0	-9	0				https://www.ecdc.europa.eu/
Suffolk	Suffolk	2020-03-07			1			1								https://www.gov.uk/
Sweden	Sweden	2020-03-07		0	161			24	0	0	-52	0	0.0	21.14		https://www.who.int/
Switzerland	Switzerland	2020-03-07		2	321			58	0	0	-6	-1	0.29	39.57		https://www.who.int/
Taiwan	Taiwan	2020-03-07	2020-06-29T11:42:39.000Z	1	45			1	0	0	-1	0	0.0	1.38		https://www.ecdc.europa.eu/
Thailand	Thailand	2020-03-07	2020-06-29T11:42:39.000Z	1	50			2	0	0	1	0	0.14	1.14		https://www.ecdc.europa.eu/
Togo	Togo	2020-03-07	2020-06-29T11:42:39.000Z	0	1				0							https://www.ecdc.europa.eu/
Torbay	Torbay	2020-03-07			6			1			0					https://www.gov.uk/
Trentino	Trentino	2020-03-07		0	14	0	194	4	0	0	1	0	0.0	2.0	0.0	http://www.salute.gov.it/
Tunisia	Tunisia	2020-03-07		0	1			0	0		0	0				https://www.who.int/
Tuscany	Tuscany	2020-03-07		0	113	1	1331	34	0	0	16	0	0.0	14.57	0.0	http://www.salute.gov.it/
Tuscola_County,_Michigan	Tuscola County, Michigan	2020-03-07	2020-06-17T16:00:00.000Z	0	0			0	0	0	0	0				https://www.michigan.gov/
Ukraine	Ukraine	2020-03-07		0	1			0	0		0	0				https://www.who.int/
Umbria	Umbria	2020-03-07		0	24	0	134	8	0	0	1	0	0.0	3.43	0.0	http://www.salute.gov.it/
United_Kingdom	United Kingdom	2020-03-07	2020-06-29T11:42:39.000Z	1	163			48	1	1	18	1	0.14	20.71		https://www.ecdc.europa.eu/
United_States	United States	2020-03-07	2020-06-29T11:42:39.000Z	14	338			105	2		85	1	2.0	38.86		https://www.ecdc.europa.eu/
Valencian_Community	Valencian Community	2020-03-07	2020-06-29T15:47:25.000Z		37			7			7			3.14		https://www.mscbs.gob.es/
Van_Buren_County,_Michigan	Van Buren County, Michigan	2020-03-07	2020-06-17T16:00:00.000Z	0	1			1	0	0	1	0				https://www.michigan.gov/
Vatican_City	Vatican City	2020-03-07	2020-06-29T11:42:39.000Z	0	1			0	0	0	0	0				https://www.ecdc.europa.eu/
Veneto	Veneto	2020-03-07		13	543	25	14429	55	1	3	-26	-1	1.57	50.29	3.57	http://www.salute.gov.it/
Vietnam	Vietnam	2020-03-07		0	20			3	0	0	2	0	0.0	0.57		https://www.who.int/
Walloon_Brabant	Walloon Brabant	2020-03-07	2020-03-07		14			1			-4					https://epistat.wiv-isp.be/Covid/
Washtenaw_County,_Michigan	Washtenaw County, Michigan	2020-03-07	2020-06-17T16:00:00.000Z	0	9			5	0	0	4	0				https://www.michigan.gov/
Wayne_County,_Michigan	Wayne County, Michigan	2020-03-07	2020-06-17T16:00:00.000Z	0	65			12	0	0	-7	0				https://www.michigan.gov/
West_Berkshire	West Berkshire	2020-03-07			1			1								https://www.gov.uk/
West_Flanders	West Flanders	2020-03-07	2020-03-07		42			4			-13					https://epistat.wiv-isp.be/Covid/
West_Midlands_(region)	West Midlands (region)	2020-03-07			25			5			3			1.77		https://www.gov.uk/
Wexford_County,_Michigan	Wexford County, Michigan	2020-03-07	2020-06-17T16:00:00.000Z	0	0			0	0	0	0	0				https://www.michigan.gov/
Wolverhampton	Wolverhampton	2020-03-07			4			3			2					https://www.gov.uk/
Yorkshire_and_the_Humber	Yorkshire and the Humber	2020-03-07			28			5			3			3.0		https://www.gov.uk/
